"slug","product","productType","missingField","publicTreatment","action"
"suspended-permanent-magnetic-separator","Suspended Permanent Magnetic Separator","Permanent magnetic separator","Model / series","Available on request / To be confirmed by COWIN engineering","Obtain supplier-approved model data before public numeric publication"
"suspended-permanent-magnetic-separator","Suspended Permanent Magnetic Separator","Permanent magnetic separator","Suitable belt width","Available on request / To be confirmed by COWIN engineering","Obtain supplier-approved model data before public numeric publication"
"suspended-permanent-magnetic-separator","Suspended Permanent Magnetic Separator","Permanent magnetic separator","Recommended suspension height","Available on request / To be confirmed by COWIN engineering","Obtain supplier-approved model data before public numeric publication"
"suspended-permanent-magnetic-separator","Suspended Permanent Magnetic Separator","Permanent magnetic separator","Material burden depth","Available on request / To be confirmed by COWIN engineering","Obtain supplier-approved model data before public numeric publication"
"suspended-permanent-magnetic-separator","Suspended Permanent Magnetic Separator","Permanent magnetic separator","Magnetic circuit","Available on request / To be confirmed by COWIN engineering","Obtain supplier-approved model data before public numeric publication"
"suspended-permanent-magnetic-separator","Suspended Permanent Magnetic Separator","Permanent magnetic separator","Cleaning arrangement","Available on request / To be confirmed by COWIN engineering","Obtain supplier-approved model data before public numeric publication"
"suspended-permanent-magnetic-separator","Suspended Permanent Magnetic Separator","Permanent magnetic separator","Installation direction","Available on request / To be confirmed by COWIN engineering","Obtain supplier-approved model data before public numeric publication"
"suspended-permanent-magnetic-separator","Suspended Permanent Magnetic Separator","Permanent magnetic separator","Overall dimensions","Available on request / To be confirmed by COWIN engineering","Obtain supplier-approved model data before public numeric publication"
"suspended-permanent-magnetic-separator","Suspended Permanent Magnetic Separator","Permanent magnetic separator","Weight","Available on request / To be confirmed by COWIN engineering","Obtain supplier-approved model data before public numeric publication"
"suspended-permanent-magnetic-separator","Suspended Permanent Magnetic Separator","Permanent magnetic separator","Test method","Available on request / To be confirmed by COWIN engineering","Obtain supplier-approved model data before public numeric publication"
"suspended-electromagnetic-conveyor-belt-separator","Suspended Electromagnetic Conveyor Belt Separator","Electromagnetic suspended separator","Model / series","Available on request / To be confirmed by COWIN engineering","Obtain supplier-approved model data before public numeric publication"
"suspended-electromagnetic-conveyor-belt-separator","Suspended Electromagnetic Conveyor Belt Separator","Electromagnetic suspended separator","Input power","Available on request / To be confirmed by COWIN engineering","Obtain supplier-approved model data before public numeric publication"
"suspended-electromagnetic-conveyor-belt-separator","Suspended Electromagnetic Conveyor Belt Separator","Electromagnetic suspended separator","Cooling configuration","Available on request / To be confirmed by COWIN engineering","Obtain supplier-approved model data before public numeric publication"
"suspended-electromagnetic-conveyor-belt-separator","Suspended Electromagnetic Conveyor Belt Separator","Electromagnetic suspended separator","Duty cycle","Available on request / To be confirmed by COWIN engineering","Obtain supplier-approved model data before public numeric publication"
"suspended-electromagnetic-conveyor-belt-separator","Suspended Electromagnetic Conveyor Belt Separator","Electromagnetic suspended separator","Insulation and protection","Available on request / To be confirmed by COWIN engineering","Obtain supplier-approved model data before public numeric publication"
"suspended-electromagnetic-conveyor-belt-separator","Suspended Electromagnetic Conveyor Belt Separator","Electromagnetic suspended separator","Recommended suspension height","Available on request / To be confirmed by COWIN engineering","Obtain supplier-approved model data before public numeric publication"
"suspended-electromagnetic-conveyor-belt-separator","Suspended Electromagnetic Conveyor Belt Separator","Electromagnetic suspended separator","Control arrangement","Available on request / To be confirmed by COWIN engineering","Obtain supplier-approved model data before public numeric publication"
"suspended-electromagnetic-conveyor-belt-separator","Suspended Electromagnetic Conveyor Belt Separator","Electromagnetic suspended separator","Overall dimensions","Available on request / To be confirmed by COWIN engineering","Obtain supplier-approved model data before public numeric publication"
"suspended-electromagnetic-conveyor-belt-separator","Suspended Electromagnetic Conveyor Belt Separator","Electromagnetic suspended separator","Weight","Available on request / To be confirmed by COWIN engineering","Obtain supplier-approved model data before public numeric publication"
"round-electromagnetic-lifting-magnet","Round Electromagnetic Lifting Magnet","Industrial magnetic-process auxiliary equipment","Model / series","Available on request / To be confirmed by COWIN engineering","Obtain supplier-approved model data before public numeric publication"
"round-electromagnetic-lifting-magnet","Round Electromagnetic Lifting Magnet","Industrial magnetic-process auxiliary equipment","Application duty","Available on request / To be confirmed by COWIN engineering","Obtain supplier-approved model data before public numeric publication"
"round-electromagnetic-lifting-magnet","Round Electromagnetic Lifting Magnet","Industrial magnetic-process auxiliary equipment","Installation interface","Available on request / To be confirmed by COWIN engineering","Obtain supplier-approved model data before public numeric publication"
"round-electromagnetic-lifting-magnet","Round Electromagnetic Lifting Magnet","Industrial magnetic-process auxiliary equipment","Operating condition","Available on request / To be confirmed by COWIN engineering","Obtain supplier-approved model data before public numeric publication"
"round-electromagnetic-lifting-magnet","Round Electromagnetic Lifting Magnet","Industrial magnetic-process auxiliary equipment","Power supply where applicable","Available on request / To be confirmed by COWIN engineering","Obtain supplier-approved model data before public numeric publication"
"round-electromagnetic-lifting-magnet","Round Electromagnetic Lifting Magnet","Industrial magnetic-process auxiliary equipment","Overall dimensions","Available on request / To be confirmed by COWIN engineering","Obtain supplier-approved model data before public numeric publication"
"round-electromagnetic-lifting-magnet","Round Electromagnetic Lifting Magnet","Industrial magnetic-process auxiliary equipment","Weight","Available on request / To be confirmed by COWIN engineering","Obtain supplier-approved model data before public numeric publication"
"permanent-overband-magnetic-separator","Permanent Overband Magnetic Separator","Permanent self-cleaning iron remover","Model / series","Available on request / To be confirmed by COWIN engineering","Obtain supplier-approved model data before public numeric publication"
"permanent-overband-magnetic-separator","Permanent Overband Magnetic Separator","Permanent self-cleaning iron remover","Suitable belt width","Available on request / To be confirmed by COWIN engineering","Obtain supplier-approved model data before public numeric publication"
"permanent-overband-magnetic-separator","Permanent Overband Magnetic Separator","Permanent self-cleaning iron remover","Recommended suspension height","Available on request / To be confirmed by COWIN engineering","Obtain supplier-approved model data before public numeric publication"
"permanent-overband-magnetic-separator","Permanent Overband Magnetic Separator","Permanent self-cleaning iron remover","Material burden depth","Available on request / To be confirmed by COWIN engineering","Obtain supplier-approved model data before public numeric publication"
"permanent-overband-magnetic-separator","Permanent Overband Magnetic Separator","Permanent self-cleaning iron remover","Magnetic circuit","Available on request / To be confirmed by COWIN engineering","Obtain supplier-approved model data before public numeric publication"
"permanent-overband-magnetic-separator","Permanent Overband Magnetic Separator","Permanent self-cleaning iron remover","Discharge belt arrangement","Available on request / To be confirmed by COWIN engineering","Obtain supplier-approved model data before public numeric publication"
"permanent-overband-magnetic-separator","Permanent Overband Magnetic Separator","Permanent self-cleaning iron remover","Drive configuration","Available on request / To be confirmed by COWIN engineering","Obtain supplier-approved model data before public numeric publication"
"permanent-overband-magnetic-separator","Permanent Overband Magnetic Separator","Permanent self-cleaning iron remover","Belt speed","Available on request / To be confirmed by COWIN engineering","Obtain supplier-approved model data before public numeric publication"
"permanent-overband-magnetic-separator","Permanent Overband Magnetic Separator","Permanent self-cleaning iron remover","Iron discharge direction","Available on request / To be confirmed by COWIN engineering","Obtain supplier-approved model data before public numeric publication"
"permanent-overband-magnetic-separator","Permanent Overband Magnetic Separator","Permanent self-cleaning iron remover","Overall dimensions","Available on request / To be confirmed by COWIN engineering","Obtain supplier-approved model data before public numeric publication"
"permanent-overband-magnetic-separator","Permanent Overband Magnetic Separator","Permanent self-cleaning iron remover","Weight","Available on request / To be confirmed by COWIN engineering","Obtain supplier-approved model data before public numeric publication"
"rcyd-type-permanent-magnet-self-dumping-iron-remover","RCYD Permanent Self-Cleaning Iron Remover","Permanent self-cleaning iron remover","Model / series","Available on request / To be confirmed by COWIN engineering","Obtain supplier-approved model data before public numeric publication"
"rcyd-type-permanent-magnet-self-dumping-iron-remover","RCYD Permanent Self-Cleaning Iron Remover","Permanent self-cleaning iron remover","Suitable belt width","Available on request / To be confirmed by COWIN engineering","Obtain supplier-approved model data before public numeric publication"
"rcyd-type-permanent-magnet-self-dumping-iron-remover","RCYD Permanent Self-Cleaning Iron Remover","Permanent self-cleaning iron remover","Recommended suspension height","Available on request / To be confirmed by COWIN engineering","Obtain supplier-approved model data before public numeric publication"
"rcyd-type-permanent-magnet-self-dumping-iron-remover","RCYD Permanent Self-Cleaning Iron Remover","Permanent self-cleaning iron remover","Material burden depth","Available on request / To be confirmed by COWIN engineering","Obtain supplier-approved model data before public numeric publication"
"rcyd-type-permanent-magnet-self-dumping-iron-remover","RCYD Permanent Self-Cleaning Iron Remover","Permanent self-cleaning iron remover","Magnetic circuit","Available on request / To be confirmed by COWIN engineering","Obtain supplier-approved model data before public numeric publication"
"rcyd-type-permanent-magnet-self-dumping-iron-remover","RCYD Permanent Self-Cleaning Iron Remover","Permanent self-cleaning iron remover","Discharge belt arrangement","Available on request / To be confirmed by COWIN engineering","Obtain supplier-approved model data before public numeric publication"
"rcyd-type-permanent-magnet-self-dumping-iron-remover","RCYD Permanent Self-Cleaning Iron Remover","Permanent self-cleaning iron remover","Drive configuration","Available on request / To be confirmed by COWIN engineering","Obtain supplier-approved model data before public numeric publication"
"rcyd-type-permanent-magnet-self-dumping-iron-remover","RCYD Permanent Self-Cleaning Iron Remover","Permanent self-cleaning iron remover","Belt speed","Available on request / To be confirmed by COWIN engineering","Obtain supplier-approved model data before public numeric publication"
"rcyd-type-permanent-magnet-self-dumping-iron-remover","RCYD Permanent Self-Cleaning Iron Remover","Permanent self-cleaning iron remover","Iron discharge direction","Available on request / To be confirmed by COWIN engineering","Obtain supplier-approved model data before public numeric publication"
"rcyd-type-permanent-magnet-self-dumping-iron-remover","RCYD Permanent Self-Cleaning Iron Remover","Permanent self-cleaning iron remover","Overall dimensions","Available on request / To be confirmed by COWIN engineering","Obtain supplier-approved model data before public numeric publication"
"rcyd-type-permanent-magnet-self-dumping-iron-remover","RCYD Permanent Self-Cleaning Iron Remover","Permanent self-cleaning iron remover","Weight","Available on request / To be confirmed by COWIN engineering","Obtain supplier-approved model data before public numeric publication"
"rcdd-type-self-cooling-self-dumping-electromagnetic-iron-remover","RCDD Self-Cooling Electromagnetic Iron Remover","Self-cleaning electromagnetic iron remover","Model / series","Available on request / To be confirmed by COWIN engineering","Obtain supplier-approved model data before public numeric publication"
"rcdd-type-self-cooling-self-dumping-electromagnetic-iron-remover","RCDD Self-Cooling Electromagnetic Iron Remover","Self-cleaning electromagnetic iron remover","Input power","Available on request / To be confirmed by COWIN engineering","Obtain supplier-approved model data before public numeric publication"
"rcdd-type-self-cooling-self-dumping-electromagnetic-iron-remover","RCDD Self-Cooling Electromagnetic Iron Remover","Self-cleaning electromagnetic iron remover","Cooling configuration","Available on request / To be confirmed by COWIN engineering","Obtain supplier-approved model data before public numeric publication"
"rcdd-type-self-cooling-self-dumping-electromagnetic-iron-remover","RCDD Self-Cooling Electromagnetic Iron Remover","Self-cleaning electromagnetic iron remover","Duty cycle","Available on request / To be confirmed by COWIN engineering","Obtain supplier-approved model data before public numeric publication"
"rcdd-type-self-cooling-self-dumping-electromagnetic-iron-remover","RCDD Self-Cooling Electromagnetic Iron Remover","Self-cleaning electromagnetic iron remover","Insulation and protection","Available on request / To be confirmed by COWIN engineering","Obtain supplier-approved model data before public numeric publication"
"rcdd-type-self-cooling-self-dumping-electromagnetic-iron-remover","RCDD Self-Cooling Electromagnetic Iron Remover","Self-cleaning electromagnetic iron remover","Discharge belt drive","Available on request / To be confirmed by COWIN engineering","Obtain supplier-approved model data before public numeric publication"
"rcdd-type-self-cooling-self-dumping-electromagnetic-iron-remover","RCDD Self-Cooling Electromagnetic Iron Remover","Self-cleaning electromagnetic iron remover","Belt speed","Available on request / To be confirmed by COWIN engineering","Obtain supplier-approved model data before public numeric publication"
"rcdd-type-self-cooling-self-dumping-electromagnetic-iron-remover","RCDD Self-Cooling Electromagnetic Iron Remover","Self-cleaning electromagnetic iron remover","Control and protection","Available on request / To be confirmed by COWIN engineering","Obtain supplier-approved model data before public numeric publication"
"rcdd-type-self-cooling-self-dumping-electromagnetic-iron-remover","RCDD Self-Cooling Electromagnetic Iron Remover","Self-cleaning electromagnetic iron remover","Recommended suspension height","Available on request / To be confirmed by COWIN engineering","Obtain supplier-approved model data before public numeric publication"
"rcdd-type-self-cooling-self-dumping-electromagnetic-iron-remover","RCDD Self-Cooling Electromagnetic Iron Remover","Self-cleaning electromagnetic iron remover","Overall dimensions","Available on request / To be confirmed by COWIN engineering","Obtain supplier-approved model data before public numeric publication"
"rcdd-type-self-cooling-self-dumping-electromagnetic-iron-remover","RCDD Self-Cooling Electromagnetic Iron Remover","Self-cleaning electromagnetic iron remover","Weight","Available on request / To be confirmed by COWIN engineering","Obtain supplier-approved model data before public numeric publication"
"rcyb-type-permanent-magnet-manual-iron-remover","RCYB Type Permanent Magnet Manual Iron Remover","Permanent magnetic separator","Model / series","Available on request / To be confirmed by COWIN engineering","Obtain supplier-approved model data before public numeric publication"
"rcyb-type-permanent-magnet-manual-iron-remover","RCYB Type Permanent Magnet Manual Iron Remover","Permanent magnetic separator","Suitable belt width","Available on request / To be confirmed by COWIN engineering","Obtain supplier-approved model data before public numeric publication"
"rcyb-type-permanent-magnet-manual-iron-remover","RCYB Type Permanent Magnet Manual Iron Remover","Permanent magnetic separator","Recommended suspension height","Available on request / To be confirmed by COWIN engineering","Obtain supplier-approved model data before public numeric publication"
"rcyb-type-permanent-magnet-manual-iron-remover","RCYB Type Permanent Magnet Manual Iron Remover","Permanent magnetic separator","Material burden depth","Available on request / To be confirmed by COWIN engineering","Obtain supplier-approved model data before public numeric publication"
"rcyb-type-permanent-magnet-manual-iron-remover","RCYB Type Permanent Magnet Manual Iron Remover","Permanent magnetic separator","Magnetic circuit","Available on request / To be confirmed by COWIN engineering","Obtain supplier-approved model data before public numeric publication"
"rcyb-type-permanent-magnet-manual-iron-remover","RCYB Type Permanent Magnet Manual Iron Remover","Permanent magnetic separator","Cleaning arrangement","Available on request / To be confirmed by COWIN engineering","Obtain supplier-approved model data before public numeric publication"
"rcyb-type-permanent-magnet-manual-iron-remover","RCYB Type Permanent Magnet Manual Iron Remover","Permanent magnetic separator","Installation direction","Available on request / To be confirmed by COWIN engineering","Obtain supplier-approved model data before public numeric publication"
"rcyb-type-permanent-magnet-manual-iron-remover","RCYB Type Permanent Magnet Manual Iron Remover","Permanent magnetic separator","Overall dimensions","Available on request / To be confirmed by COWIN engineering","Obtain supplier-approved model data before public numeric publication"
"rcyb-type-permanent-magnet-manual-iron-remover","RCYB Type Permanent Magnet Manual Iron Remover","Permanent magnetic separator","Weight","Available on request / To be confirmed by COWIN engineering","Obtain supplier-approved model data before public numeric publication"
"rcyb-type-permanent-magnet-manual-iron-remover","RCYB Type Permanent Magnet Manual Iron Remover","Permanent magnetic separator","Test method","Available on request / To be confirmed by COWIN engineering","Obtain supplier-approved model data before public numeric publication"
"rcdb-type-self-cooling-plate-electromagnetic-iron-remover","RCDB Type Self-Cooled Plate Electromagnetic Iron Remover","Industrial magnetic-process auxiliary equipment","Model / series","Available on request / To be confirmed by COWIN engineering","Obtain supplier-approved model data before public numeric publication"
"rcdb-type-self-cooling-plate-electromagnetic-iron-remover","RCDB Type Self-Cooled Plate Electromagnetic Iron Remover","Industrial magnetic-process auxiliary equipment","Application duty","Available on request / To be confirmed by COWIN engineering","Obtain supplier-approved model data before public numeric publication"
"rcdb-type-self-cooling-plate-electromagnetic-iron-remover","RCDB Type Self-Cooled Plate Electromagnetic Iron Remover","Industrial magnetic-process auxiliary equipment","Installation interface","Available on request / To be confirmed by COWIN engineering","Obtain supplier-approved model data before public numeric publication"
"rcdb-type-self-cooling-plate-electromagnetic-iron-remover","RCDB Type Self-Cooled Plate Electromagnetic Iron Remover","Industrial magnetic-process auxiliary equipment","Operating condition","Available on request / To be confirmed by COWIN engineering","Obtain supplier-approved model data before public numeric publication"
"rcdb-type-self-cooling-plate-electromagnetic-iron-remover","RCDB Type Self-Cooled Plate Electromagnetic Iron Remover","Industrial magnetic-process auxiliary equipment","Power supply where applicable","Available on request / To be confirmed by COWIN engineering","Obtain supplier-approved model data before public numeric publication"
"rcdb-type-self-cooling-plate-electromagnetic-iron-remover","RCDB Type Self-Cooled Plate Electromagnetic Iron Remover","Industrial magnetic-process auxiliary equipment","Overall dimensions","Available on request / To be confirmed by COWIN engineering","Obtain supplier-approved model data before public numeric publication"
"rcdb-type-self-cooling-plate-electromagnetic-iron-remover","RCDB Type Self-Cooled Plate Electromagnetic Iron Remover","Industrial magnetic-process auxiliary equipment","Weight","Available on request / To be confirmed by COWIN engineering","Obtain supplier-approved model data before public numeric publication"
"belt-high-gradient-magnetic-separator","Belt High-Gradient Magnetic Separator","High-gradient or specialist mineral magnetic separator","Model / series","Available on request / To be confirmed by COWIN engineering","Obtain supplier-approved model data before public numeric publication"
"belt-high-gradient-magnetic-separator","Belt High-Gradient Magnetic Separator","High-gradient or specialist mineral magnetic separator","Applicable mineral","Available on request / To be confirmed by COWIN engineering","Obtain supplier-approved model data before public numeric publication"
"belt-high-gradient-magnetic-separator","Belt High-Gradient Magnetic Separator","High-gradient or specialist mineral magnetic separator","Feed particle size","Available on request / To be confirmed by COWIN engineering","Obtain supplier-approved model data before public numeric publication"
"belt-high-gradient-magnetic-separator","Belt High-Gradient Magnetic Separator","High-gradient or specialist mineral magnetic separator","Magnetic field configuration","Available on request / To be confirmed by COWIN engineering","Obtain supplier-approved model data before public numeric publication"
"belt-high-gradient-magnetic-separator","Belt High-Gradient Magnetic Separator","High-gradient or specialist mineral magnetic separator","Slurry density or feed condition","Available on request / To be confirmed by COWIN engineering","Obtain supplier-approved model data before public numeric publication"
"belt-high-gradient-magnetic-separator","Belt High-Gradient Magnetic Separator","High-gradient or specialist mineral magnetic separator","Water requirement","Available on request / To be confirmed by COWIN engineering","Obtain supplier-approved model data before public numeric publication"
"belt-high-gradient-magnetic-separator","Belt High-Gradient Magnetic Separator","High-gradient or specialist mineral magnetic separator","Process capacity","Available on request / To be confirmed by COWIN engineering","Obtain supplier-approved model data before public numeric publication"
"belt-high-gradient-magnetic-separator","Belt High-Gradient Magnetic Separator","High-gradient or specialist mineral magnetic separator","Power","Available on request / To be confirmed by COWIN engineering","Obtain supplier-approved model data before public numeric publication"
"belt-high-gradient-magnetic-separator","Belt High-Gradient Magnetic Separator","High-gradient or specialist mineral magnetic separator","Testwork requirement","Available on request / To be confirmed by COWIN engineering","Obtain supplier-approved model data before public numeric publication"
"disc-magnetic-separator-for-tailing","Disc Magnetic Separator for Tailings","High-gradient or specialist mineral magnetic separator","Model / series","Available on request / To be confirmed by COWIN engineering","Obtain supplier-approved model data before public numeric publication"
"disc-magnetic-separator-for-tailing","Disc Magnetic Separator for Tailings","High-gradient or specialist mineral magnetic separator","Applicable mineral","Available on request / To be confirmed by COWIN engineering","Obtain supplier-approved model data before public numeric publication"
"disc-magnetic-separator-for-tailing","Disc Magnetic Separator for Tailings","High-gradient or specialist mineral magnetic separator","Feed particle size","Available on request / To be confirmed by COWIN engineering","Obtain supplier-approved model data before public numeric publication"
"disc-magnetic-separator-for-tailing","Disc Magnetic Separator for Tailings","High-gradient or specialist mineral magnetic separator","Magnetic field configuration","Available on request / To be confirmed by COWIN engineering","Obtain supplier-approved model data before public numeric publication"
"disc-magnetic-separator-for-tailing","Disc Magnetic Separator for Tailings","High-gradient or specialist mineral magnetic separator","Slurry density or feed condition","Available on request / To be confirmed by COWIN engineering","Obtain supplier-approved model data before public numeric publication"
"disc-magnetic-separator-for-tailing","Disc Magnetic Separator for Tailings","High-gradient or specialist mineral magnetic separator","Water requirement","Available on request / To be confirmed by COWIN engineering","Obtain supplier-approved model data before public numeric publication"
"disc-magnetic-separator-for-tailing","Disc Magnetic Separator for Tailings","High-gradient or specialist mineral magnetic separator","Process capacity","Available on request / To be confirmed by COWIN engineering","Obtain supplier-approved model data before public numeric publication"
"disc-magnetic-separator-for-tailing","Disc Magnetic Separator for Tailings","High-gradient or specialist mineral magnetic separator","Power","Available on request / To be confirmed by COWIN engineering","Obtain supplier-approved model data before public numeric publication"
"disc-magnetic-separator-for-tailing","Disc Magnetic Separator for Tailings","High-gradient or specialist mineral magnetic separator","Testwork requirement","Available on request / To be confirmed by COWIN engineering","Obtain supplier-approved model data before public numeric publication"
"dry-drum-magnetic-separator","Dry Drum Magnetic Separator","Dry magnetic separator","Model / series","Available on request / To be confirmed by COWIN engineering","Obtain supplier-approved model data before public numeric publication"
"dry-drum-magnetic-separator","Dry Drum Magnetic Separator","Dry magnetic separator","Magnetic circuit","Available on request / To be confirmed by COWIN engineering","Obtain supplier-approved model data before public numeric publication"
"dry-drum-magnetic-separator","Dry Drum Magnetic Separator","Dry magnetic separator","Feed particle size","Available on request / To be confirmed by COWIN engineering","Obtain supplier-approved model data before public numeric publication"
"dry-drum-magnetic-separator","Dry Drum Magnetic Separator","Dry magnetic separator","Feed moisture","Available on request / To be confirmed by COWIN engineering","Obtain supplier-approved model data before public numeric publication"
"dry-drum-magnetic-separator","Dry Drum Magnetic Separator","Dry magnetic separator","Process capacity","Available on request / To be confirmed by COWIN engineering","Obtain supplier-approved model data before public numeric publication"
"dry-drum-magnetic-separator","Dry Drum Magnetic Separator","Dry magnetic separator","Feed arrangement","Available on request / To be confirmed by COWIN engineering","Obtain supplier-approved model data before public numeric publication"
"dry-drum-magnetic-separator","Dry Drum Magnetic Separator","Dry magnetic separator","Power","Available on request / To be confirmed by COWIN engineering","Obtain supplier-approved model data before public numeric publication"
"dry-drum-magnetic-separator","Dry Drum Magnetic Separator","Dry magnetic separator","Weight","Available on request / To be confirmed by COWIN engineering","Obtain supplier-approved model data before public numeric publication"
"wet-drum-magnetic-separator","Wet Drum Magnetic Separator","Wet magnetic separator","Model / series","Available on request / To be confirmed by COWIN engineering","Obtain supplier-approved model data before public numeric publication"
"wet-drum-magnetic-separator","Wet Drum Magnetic Separator","Wet magnetic separator","Drum diameter × length","Available on request / To be confirmed by COWIN engineering","Obtain supplier-approved model data before public numeric publication"
"wet-drum-magnetic-separator","Wet Drum Magnetic Separator","Wet magnetic separator","Tank type","Available on request / To be confirmed by COWIN engineering","Obtain supplier-approved model data before public numeric publication"
"wet-drum-magnetic-separator","Wet Drum Magnetic Separator","Wet magnetic separator","Feed particle size","Available on request / To be confirmed by COWIN engineering","Obtain supplier-approved model data before public numeric publication"
"wet-drum-magnetic-separator","Wet Drum Magnetic Separator","Wet magnetic separator","Slurry density","Available on request / To be confirmed by COWIN engineering","Obtain supplier-approved model data before public numeric publication"
"wet-drum-magnetic-separator","Wet Drum Magnetic Separator","Wet magnetic separator","Process capacity","Available on request / To be confirmed by COWIN engineering","Obtain supplier-approved model data before public numeric publication"
"wet-drum-magnetic-separator","Wet Drum Magnetic Separator","Wet magnetic separator","Drum speed","Available on request / To be confirmed by COWIN engineering","Obtain supplier-approved model data before public numeric publication"
"wet-drum-magnetic-separator","Wet Drum Magnetic Separator","Wet magnetic separator","Power","Available on request / To be confirmed by COWIN engineering","Obtain supplier-approved model data before public numeric publication"
"wet-drum-magnetic-separator","Wet Drum Magnetic Separator","Wet magnetic separator","Weight","Available on request / To be confirmed by COWIN engineering","Obtain supplier-approved model data before public numeric publication"
"cbz-type-rotary-automatic-magnetic-separator","CBZ Type Rotary Automatic Magnetic Separator","Industrial magnetic-process auxiliary equipment","Model / series","Available on request / To be confirmed by COWIN engineering","Obtain supplier-approved model data before public numeric publication"
"cbz-type-rotary-automatic-magnetic-separator","CBZ Type Rotary Automatic Magnetic Separator","Industrial magnetic-process auxiliary equipment","Application duty","Available on request / To be confirmed by COWIN engineering","Obtain supplier-approved model data before public numeric publication"
"cbz-type-rotary-automatic-magnetic-separator","CBZ Type Rotary Automatic Magnetic Separator","Industrial magnetic-process auxiliary equipment","Installation interface","Available on request / To be confirmed by COWIN engineering","Obtain supplier-approved model data before public numeric publication"
"cbz-type-rotary-automatic-magnetic-separator","CBZ Type Rotary Automatic Magnetic Separator","Industrial magnetic-process auxiliary equipment","Operating condition","Available on request / To be confirmed by COWIN engineering","Obtain supplier-approved model data before public numeric publication"
"cbz-type-rotary-automatic-magnetic-separator","CBZ Type Rotary Automatic Magnetic Separator","Industrial magnetic-process auxiliary equipment","Power supply where applicable","Available on request / To be confirmed by COWIN engineering","Obtain supplier-approved model data before public numeric publication"
"cbz-type-rotary-automatic-magnetic-separator","CBZ Type Rotary Automatic Magnetic Separator","Industrial magnetic-process auxiliary equipment","Overall dimensions","Available on request / To be confirmed by COWIN engineering","Obtain supplier-approved model data before public numeric publication"
"cbz-type-rotary-automatic-magnetic-separator","CBZ Type Rotary Automatic Magnetic Separator","Industrial magnetic-process auxiliary equipment","Weight","Available on request / To be confirmed by COWIN engineering","Obtain supplier-approved model data before public numeric publication"
"cgb-type-rotary-semi-automatic-magnetic-separator","CGB Type Rotary Semi-Automatic Magnetic Separator","Magnetic filter or separator component","Model / series","Available on request / To be confirmed by COWIN engineering","Obtain supplier-approved model data before public numeric publication"
"cgb-type-rotary-semi-automatic-magnetic-separator","CGB Type Rotary Semi-Automatic Magnetic Separator","Magnetic filter or separator component","Opening or pipe connection","Available on request / To be confirmed by COWIN engineering","Obtain supplier-approved model data before public numeric publication"
"cgb-type-rotary-semi-automatic-magnetic-separator","CGB Type Rotary Semi-Automatic Magnetic Separator","Magnetic filter or separator component","Magnetic element arrangement","Available on request / To be confirmed by COWIN engineering","Obtain supplier-approved model data before public numeric publication"
"cgb-type-rotary-semi-automatic-magnetic-separator","CGB Type Rotary Semi-Automatic Magnetic Separator","Magnetic filter or separator component","Material of construction","Available on request / To be confirmed by COWIN engineering","Obtain supplier-approved model data before public numeric publication"
"cgb-type-rotary-semi-automatic-magnetic-separator","CGB Type Rotary Semi-Automatic Magnetic Separator","Magnetic filter or separator component","Flow or pressure condition","Available on request / To be confirmed by COWIN engineering","Obtain supplier-approved model data before public numeric publication"
"cgb-type-rotary-semi-automatic-magnetic-separator","CGB Type Rotary Semi-Automatic Magnetic Separator","Magnetic filter or separator component","Temperature condition","Available on request / To be confirmed by COWIN engineering","Obtain supplier-approved model data before public numeric publication"
"cgb-type-rotary-semi-automatic-magnetic-separator","CGB Type Rotary Semi-Automatic Magnetic Separator","Magnetic filter or separator component","Cleaning method","Available on request / To be confirmed by COWIN engineering","Obtain supplier-approved model data before public numeric publication"
"cgb-type-rotary-semi-automatic-magnetic-separator","CGB Type Rotary Semi-Automatic Magnetic Separator","Magnetic filter or separator component","Weight","Available on request / To be confirmed by COWIN engineering","Obtain supplier-approved model data before public numeric publication"
"cqz-type-fully-automatic-online-magnetic-separator","CQZ Type Fully Automatic Online Magnetic Separator","Magnetic filter or separator component","Model / series","Available on request / To be confirmed by COWIN engineering","Obtain supplier-approved model data before public numeric publication"
"cqz-type-fully-automatic-online-magnetic-separator","CQZ Type Fully Automatic Online Magnetic Separator","Magnetic filter or separator component","Opening or pipe connection","Available on request / To be confirmed by COWIN engineering","Obtain supplier-approved model data before public numeric publication"
"cqz-type-fully-automatic-online-magnetic-separator","CQZ Type Fully Automatic Online Magnetic Separator","Magnetic filter or separator component","Magnetic element arrangement","Available on request / To be confirmed by COWIN engineering","Obtain supplier-approved model data before public numeric publication"
"cqz-type-fully-automatic-online-magnetic-separator","CQZ Type Fully Automatic Online Magnetic Separator","Magnetic filter or separator component","Material of construction","Available on request / To be confirmed by COWIN engineering","Obtain supplier-approved model data before public numeric publication"
"cqz-type-fully-automatic-online-magnetic-separator","CQZ Type Fully Automatic Online Magnetic Separator","Magnetic filter or separator component","Flow or pressure condition","Available on request / To be confirmed by COWIN engineering","Obtain supplier-approved model data before public numeric publication"
"cqz-type-fully-automatic-online-magnetic-separator","CQZ Type Fully Automatic Online Magnetic Separator","Magnetic filter or separator component","Temperature condition","Available on request / To be confirmed by COWIN engineering","Obtain supplier-approved model data before public numeric publication"
"cqz-type-fully-automatic-online-magnetic-separator","CQZ Type Fully Automatic Online Magnetic Separator","Magnetic filter or separator component","Cleaning method","Available on request / To be confirmed by COWIN engineering","Obtain supplier-approved model data before public numeric publication"
"cqz-type-fully-automatic-online-magnetic-separator","CQZ Type Fully Automatic Online Magnetic Separator","Magnetic filter or separator component","Weight","Available on request / To be confirmed by COWIN engineering","Obtain supplier-approved model data before public numeric publication"
"ctn-wet-full-countercurrent-magnetic-separator","CTN Wet Full Countercurrent Magnetic Separator","Wet magnetic separator","Model / series","Available on request / To be confirmed by COWIN engineering","Obtain supplier-approved model data before public numeric publication"
"ctn-wet-full-countercurrent-magnetic-separator","CTN Wet Full Countercurrent Magnetic Separator","Wet magnetic separator","Drum diameter × length","Available on request / To be confirmed by COWIN engineering","Obtain supplier-approved model data before public numeric publication"
"ctn-wet-full-countercurrent-magnetic-separator","CTN Wet Full Countercurrent Magnetic Separator","Wet magnetic separator","Tank type","Available on request / To be confirmed by COWIN engineering","Obtain supplier-approved model data before public numeric publication"
"ctn-wet-full-countercurrent-magnetic-separator","CTN Wet Full Countercurrent Magnetic Separator","Wet magnetic separator","Feed particle size","Available on request / To be confirmed by COWIN engineering","Obtain supplier-approved model data before public numeric publication"
"ctn-wet-full-countercurrent-magnetic-separator","CTN Wet Full Countercurrent Magnetic Separator","Wet magnetic separator","Slurry density","Available on request / To be confirmed by COWIN engineering","Obtain supplier-approved model data before public numeric publication"
"ctn-wet-full-countercurrent-magnetic-separator","CTN Wet Full Countercurrent Magnetic Separator","Wet magnetic separator","Process capacity","Available on request / To be confirmed by COWIN engineering","Obtain supplier-approved model data before public numeric publication"
"ctn-wet-full-countercurrent-magnetic-separator","CTN Wet Full Countercurrent Magnetic Separator","Wet magnetic separator","Drum speed","Available on request / To be confirmed by COWIN engineering","Obtain supplier-approved model data before public numeric publication"
"ctn-wet-full-countercurrent-magnetic-separator","CTN Wet Full Countercurrent Magnetic Separator","Wet magnetic separator","Power","Available on request / To be confirmed by COWIN engineering","Obtain supplier-approved model data before public numeric publication"
"ctn-wet-full-countercurrent-magnetic-separator","CTN Wet Full Countercurrent Magnetic Separator","Wet magnetic separator","Weight","Available on request / To be confirmed by COWIN engineering","Obtain supplier-approved model data before public numeric publication"
"cts-type-wet-co-current-magnetic-separator","CTS Type Wet Co Current Magnetic Separator","Wet magnetic separator","Model / series","Available on request / To be confirmed by COWIN engineering","Obtain supplier-approved model data before public numeric publication"
"cts-type-wet-co-current-magnetic-separator","CTS Type Wet Co Current Magnetic Separator","Wet magnetic separator","Drum diameter × length","Available on request / To be confirmed by COWIN engineering","Obtain supplier-approved model data before public numeric publication"
"cts-type-wet-co-current-magnetic-separator","CTS Type Wet Co Current Magnetic Separator","Wet magnetic separator","Tank type","Available on request / To be confirmed by COWIN engineering","Obtain supplier-approved model data before public numeric publication"
"cts-type-wet-co-current-magnetic-separator","CTS Type Wet Co Current Magnetic Separator","Wet magnetic separator","Feed particle size","Available on request / To be confirmed by COWIN engineering","Obtain supplier-approved model data before public numeric publication"
"cts-type-wet-co-current-magnetic-separator","CTS Type Wet Co Current Magnetic Separator","Wet magnetic separator","Slurry density","Available on request / To be confirmed by COWIN engineering","Obtain supplier-approved model data before public numeric publication"
"cts-type-wet-co-current-magnetic-separator","CTS Type Wet Co Current Magnetic Separator","Wet magnetic separator","Process capacity","Available on request / To be confirmed by COWIN engineering","Obtain supplier-approved model data before public numeric publication"
"cts-type-wet-co-current-magnetic-separator","CTS Type Wet Co Current Magnetic Separator","Wet magnetic separator","Drum speed","Available on request / To be confirmed by COWIN engineering","Obtain supplier-approved model data before public numeric publication"
"cts-type-wet-co-current-magnetic-separator","CTS Type Wet Co Current Magnetic Separator","Wet magnetic separator","Power","Available on request / To be confirmed by COWIN engineering","Obtain supplier-approved model data before public numeric publication"
"cts-type-wet-co-current-magnetic-separator","CTS Type Wet Co Current Magnetic Separator","Wet magnetic separator","Weight","Available on request / To be confirmed by COWIN engineering","Obtain supplier-approved model data before public numeric publication"
"cxj-drum-type-automatic-magnetic-separator","CXJ Drum Type Automatic Magnetic Separator","Magnetic filter or separator component","Model / series","Available on request / To be confirmed by COWIN engineering","Obtain supplier-approved model data before public numeric publication"
"cxj-drum-type-automatic-magnetic-separator","CXJ Drum Type Automatic Magnetic Separator","Magnetic filter or separator component","Opening or pipe connection","Available on request / To be confirmed by COWIN engineering","Obtain supplier-approved model data before public numeric publication"
"cxj-drum-type-automatic-magnetic-separator","CXJ Drum Type Automatic Magnetic Separator","Magnetic filter or separator component","Magnetic element arrangement","Available on request / To be confirmed by COWIN engineering","Obtain supplier-approved model data before public numeric publication"
"cxj-drum-type-automatic-magnetic-separator","CXJ Drum Type Automatic Magnetic Separator","Magnetic filter or separator component","Material of construction","Available on request / To be confirmed by COWIN engineering","Obtain supplier-approved model data before public numeric publication"
"cxj-drum-type-automatic-magnetic-separator","CXJ Drum Type Automatic Magnetic Separator","Magnetic filter or separator component","Flow or pressure condition","Available on request / To be confirmed by COWIN engineering","Obtain supplier-approved model data before public numeric publication"
"cxj-drum-type-automatic-magnetic-separator","CXJ Drum Type Automatic Magnetic Separator","Magnetic filter or separator component","Temperature condition","Available on request / To be confirmed by COWIN engineering","Obtain supplier-approved model data before public numeric publication"
"cxj-drum-type-automatic-magnetic-separator","CXJ Drum Type Automatic Magnetic Separator","Magnetic filter or separator component","Cleaning method","Available on request / To be confirmed by COWIN engineering","Obtain supplier-approved model data before public numeric publication"
"cxj-drum-type-automatic-magnetic-separator","CXJ Drum Type Automatic Magnetic Separator","Magnetic filter or separator component","Weight","Available on request / To be confirmed by COWIN engineering","Obtain supplier-approved model data before public numeric publication"
"dcz-type-dry-fully-automatic-magnetic-separator","DCZ Type Dry Fully Automatic Magnetic Separator","Industrial magnetic-process auxiliary equipment","Model / series","Available on request / To be confirmed by COWIN engineering","Obtain supplier-approved model data before public numeric publication"
"dcz-type-dry-fully-automatic-magnetic-separator","DCZ Type Dry Fully Automatic Magnetic Separator","Industrial magnetic-process auxiliary equipment","Application duty","Available on request / To be confirmed by COWIN engineering","Obtain supplier-approved model data before public numeric publication"
"dcz-type-dry-fully-automatic-magnetic-separator","DCZ Type Dry Fully Automatic Magnetic Separator","Industrial magnetic-process auxiliary equipment","Installation interface","Available on request / To be confirmed by COWIN engineering","Obtain supplier-approved model data before public numeric publication"
"dcz-type-dry-fully-automatic-magnetic-separator","DCZ Type Dry Fully Automatic Magnetic Separator","Industrial magnetic-process auxiliary equipment","Operating condition","Available on request / To be confirmed by COWIN engineering","Obtain supplier-approved model data before public numeric publication"
"dcz-type-dry-fully-automatic-magnetic-separator","DCZ Type Dry Fully Automatic Magnetic Separator","Industrial magnetic-process auxiliary equipment","Power supply where applicable","Available on request / To be confirmed by COWIN engineering","Obtain supplier-approved model data before public numeric publication"
"dcz-type-dry-fully-automatic-magnetic-separator","DCZ Type Dry Fully Automatic Magnetic Separator","Industrial magnetic-process auxiliary equipment","Overall dimensions","Available on request / To be confirmed by COWIN engineering","Obtain supplier-approved model data before public numeric publication"
"dcz-type-dry-fully-automatic-magnetic-separator","DCZ Type Dry Fully Automatic Magnetic Separator","Industrial magnetic-process auxiliary equipment","Weight","Available on request / To be confirmed by COWIN engineering","Obtain supplier-approved model data before public numeric publication"
"gls-type-integral-channel-metal-separator","GLS Type Integral Channel Metal Separator","Industrial metal detector","Model / series","Available on request / To be confirmed by COWIN engineering","Obtain supplier-approved model data before public numeric publication"
"gls-type-integral-channel-metal-separator","GLS Type Integral Channel Metal Separator","Industrial metal detector","Detection aperture","Available on request / To be confirmed by COWIN engineering","Obtain supplier-approved model data before public numeric publication"
"gls-type-integral-channel-metal-separator","GLS Type Integral Channel Metal Separator","Industrial metal detector","Test piece and sensitivity requirement","Available on request / To be confirmed by COWIN engineering","Obtain supplier-approved model data before public numeric publication"
"gls-type-integral-channel-metal-separator","GLS Type Integral Channel Metal Separator","Industrial metal detector","Conveyor speed","Available on request / To be confirmed by COWIN engineering","Obtain supplier-approved model data before public numeric publication"
"gls-type-integral-channel-metal-separator","GLS Type Integral Channel Metal Separator","Industrial metal detector","Alarm or interlock output","Available on request / To be confirmed by COWIN engineering","Obtain supplier-approved model data before public numeric publication"
"gls-type-integral-channel-metal-separator","GLS Type Integral Channel Metal Separator","Industrial metal detector","Integration arrangement","Available on request / To be confirmed by COWIN engineering","Obtain supplier-approved model data before public numeric publication"
"gls-type-integral-channel-metal-separator","GLS Type Integral Channel Metal Separator","Industrial metal detector","Environmental condition","Available on request / To be confirmed by COWIN engineering","Obtain supplier-approved model data before public numeric publication"
"gls-type-integral-channel-metal-separator","GLS Type Integral Channel Metal Separator","Industrial metal detector","Power supply","Available on request / To be confirmed by COWIN engineering","Obtain supplier-approved model data before public numeric publication"
"cgt-type-super-strong-full-magnetic-drum","CGT Type Super Strong Full-Magnetic Drum","Wet magnetic separator","Model / series","Available on request / To be confirmed by COWIN engineering","Obtain supplier-approved model data before public numeric publication"
"cgt-type-super-strong-full-magnetic-drum","CGT Type Super Strong Full-Magnetic Drum","Wet magnetic separator","Drum diameter × length","Available on request / To be confirmed by COWIN engineering","Obtain supplier-approved model data before public numeric publication"
"cgt-type-super-strong-full-magnetic-drum","CGT Type Super Strong Full-Magnetic Drum","Wet magnetic separator","Tank type","Available on request / To be confirmed by COWIN engineering","Obtain supplier-approved model data before public numeric publication"
"cgt-type-super-strong-full-magnetic-drum","CGT Type Super Strong Full-Magnetic Drum","Wet magnetic separator","Feed particle size","Available on request / To be confirmed by COWIN engineering","Obtain supplier-approved model data before public numeric publication"
"cgt-type-super-strong-full-magnetic-drum","CGT Type Super Strong Full-Magnetic Drum","Wet magnetic separator","Slurry density","Available on request / To be confirmed by COWIN engineering","Obtain supplier-approved model data before public numeric publication"
"cgt-type-super-strong-full-magnetic-drum","CGT Type Super Strong Full-Magnetic Drum","Wet magnetic separator","Process capacity","Available on request / To be confirmed by COWIN engineering","Obtain supplier-approved model data before public numeric publication"
"cgt-type-super-strong-full-magnetic-drum","CGT Type Super Strong Full-Magnetic Drum","Wet magnetic separator","Drum speed","Available on request / To be confirmed by COWIN engineering","Obtain supplier-approved model data before public numeric publication"
"cgt-type-super-strong-full-magnetic-drum","CGT Type Super Strong Full-Magnetic Drum","Wet magnetic separator","Power","Available on request / To be confirmed by COWIN engineering","Obtain supplier-approved model data before public numeric publication"
"cgt-type-super-strong-full-magnetic-drum","CGT Type Super Strong Full-Magnetic Drum","Wet magnetic separator","Weight","Available on request / To be confirmed by COWIN engineering","Obtain supplier-approved model data before public numeric publication"
"ctz-type-midfield-strong-semi-magnetic-drum","CTZ Type Midfield Strong Semi-Magnetic Drum","Wet magnetic separator","Model / series","Available on request / To be confirmed by COWIN engineering","Obtain supplier-approved model data before public numeric publication"
"ctz-type-midfield-strong-semi-magnetic-drum","CTZ Type Midfield Strong Semi-Magnetic Drum","Wet magnetic separator","Drum diameter × length","Available on request / To be confirmed by COWIN engineering","Obtain supplier-approved model data before public numeric publication"
"ctz-type-midfield-strong-semi-magnetic-drum","CTZ Type Midfield Strong Semi-Magnetic Drum","Wet magnetic separator","Tank type","Available on request / To be confirmed by COWIN engineering","Obtain supplier-approved model data before public numeric publication"
"ctz-type-midfield-strong-semi-magnetic-drum","CTZ Type Midfield Strong Semi-Magnetic Drum","Wet magnetic separator","Feed particle size","Available on request / To be confirmed by COWIN engineering","Obtain supplier-approved model data before public numeric publication"
"ctz-type-midfield-strong-semi-magnetic-drum","CTZ Type Midfield Strong Semi-Magnetic Drum","Wet magnetic separator","Slurry density","Available on request / To be confirmed by COWIN engineering","Obtain supplier-approved model data before public numeric publication"
"ctz-type-midfield-strong-semi-magnetic-drum","CTZ Type Midfield Strong Semi-Magnetic Drum","Wet magnetic separator","Process capacity","Available on request / To be confirmed by COWIN engineering","Obtain supplier-approved model data before public numeric publication"
"ctz-type-midfield-strong-semi-magnetic-drum","CTZ Type Midfield Strong Semi-Magnetic Drum","Wet magnetic separator","Drum speed","Available on request / To be confirmed by COWIN engineering","Obtain supplier-approved model data before public numeric publication"
"ctz-type-midfield-strong-semi-magnetic-drum","CTZ Type Midfield Strong Semi-Magnetic Drum","Wet magnetic separator","Power","Available on request / To be confirmed by COWIN engineering","Obtain supplier-approved model data before public numeric publication"
"ctz-type-midfield-strong-semi-magnetic-drum","CTZ Type Midfield Strong Semi-Magnetic Drum","Wet magnetic separator","Weight","Available on request / To be confirmed by COWIN engineering","Obtain supplier-approved model data before public numeric publication"
"rcda-type-air-cooled-electromagnetic-iron-remover","RCDA Type Air-Cooled Electromagnetic Iron Remover","Electromagnetic suspended separator","Model / series","Available on request / To be confirmed by COWIN engineering","Obtain supplier-approved model data before public numeric publication"
"rcda-type-air-cooled-electromagnetic-iron-remover","RCDA Type Air-Cooled Electromagnetic Iron Remover","Electromagnetic suspended separator","Input power","Available on request / To be confirmed by COWIN engineering","Obtain supplier-approved model data before public numeric publication"
"rcda-type-air-cooled-electromagnetic-iron-remover","RCDA Type Air-Cooled Electromagnetic Iron Remover","Electromagnetic suspended separator","Cooling configuration","Available on request / To be confirmed by COWIN engineering","Obtain supplier-approved model data before public numeric publication"
"rcda-type-air-cooled-electromagnetic-iron-remover","RCDA Type Air-Cooled Electromagnetic Iron Remover","Electromagnetic suspended separator","Duty cycle","Available on request / To be confirmed by COWIN engineering","Obtain supplier-approved model data before public numeric publication"
"rcda-type-air-cooled-electromagnetic-iron-remover","RCDA Type Air-Cooled Electromagnetic Iron Remover","Electromagnetic suspended separator","Insulation and protection","Available on request / To be confirmed by COWIN engineering","Obtain supplier-approved model data before public numeric publication"
"rcda-type-air-cooled-electromagnetic-iron-remover","RCDA Type Air-Cooled Electromagnetic Iron Remover","Electromagnetic suspended separator","Recommended suspension height","Available on request / To be confirmed by COWIN engineering","Obtain supplier-approved model data before public numeric publication"
"rcda-type-air-cooled-electromagnetic-iron-remover","RCDA Type Air-Cooled Electromagnetic Iron Remover","Electromagnetic suspended separator","Control arrangement","Available on request / To be confirmed by COWIN engineering","Obtain supplier-approved model data before public numeric publication"
"rcda-type-air-cooled-electromagnetic-iron-remover","RCDA Type Air-Cooled Electromagnetic Iron Remover","Electromagnetic suspended separator","Overall dimensions","Available on request / To be confirmed by COWIN engineering","Obtain supplier-approved model data before public numeric publication"
"rcda-type-air-cooled-electromagnetic-iron-remover","RCDA Type Air-Cooled Electromagnetic Iron Remover","Electromagnetic suspended separator","Weight","Available on request / To be confirmed by COWIN engineering","Obtain supplier-approved model data before public numeric publication"
"rcdc-type-air-cooled-self-dumping-electromagnetic-iron-remover","RCDC Type Air-Cooled Self-Dumping Electromagnetic Iron Remover","Self-cleaning electromagnetic iron remover","Model / series","Available on request / To be confirmed by COWIN engineering","Obtain supplier-approved model data before public numeric publication"
"rcdc-type-air-cooled-self-dumping-electromagnetic-iron-remover","RCDC Type Air-Cooled Self-Dumping Electromagnetic Iron Remover","Self-cleaning electromagnetic iron remover","Input power","Available on request / To be confirmed by COWIN engineering","Obtain supplier-approved model data before public numeric publication"
"rcdc-type-air-cooled-self-dumping-electromagnetic-iron-remover","RCDC Type Air-Cooled Self-Dumping Electromagnetic Iron Remover","Self-cleaning electromagnetic iron remover","Cooling configuration","Available on request / To be confirmed by COWIN engineering","Obtain supplier-approved model data before public numeric publication"
"rcdc-type-air-cooled-self-dumping-electromagnetic-iron-remover","RCDC Type Air-Cooled Self-Dumping Electromagnetic Iron Remover","Self-cleaning electromagnetic iron remover","Duty cycle","Available on request / To be confirmed by COWIN engineering","Obtain supplier-approved model data before public numeric publication"
"rcdc-type-air-cooled-self-dumping-electromagnetic-iron-remover","RCDC Type Air-Cooled Self-Dumping Electromagnetic Iron Remover","Self-cleaning electromagnetic iron remover","Insulation and protection","Available on request / To be confirmed by COWIN engineering","Obtain supplier-approved model data before public numeric publication"
"rcdc-type-air-cooled-self-dumping-electromagnetic-iron-remover","RCDC Type Air-Cooled Self-Dumping Electromagnetic Iron Remover","Self-cleaning electromagnetic iron remover","Discharge belt drive","Available on request / To be confirmed by COWIN engineering","Obtain supplier-approved model data before public numeric publication"
"rcdc-type-air-cooled-self-dumping-electromagnetic-iron-remover","RCDC Type Air-Cooled Self-Dumping Electromagnetic Iron Remover","Self-cleaning electromagnetic iron remover","Belt speed","Available on request / To be confirmed by COWIN engineering","Obtain supplier-approved model data before public numeric publication"
"rcdc-type-air-cooled-self-dumping-electromagnetic-iron-remover","RCDC Type Air-Cooled Self-Dumping Electromagnetic Iron Remover","Self-cleaning electromagnetic iron remover","Control and protection","Available on request / To be confirmed by COWIN engineering","Obtain supplier-approved model data before public numeric publication"
"rcdc-type-air-cooled-self-dumping-electromagnetic-iron-remover","RCDC Type Air-Cooled Self-Dumping Electromagnetic Iron Remover","Self-cleaning electromagnetic iron remover","Recommended suspension height","Available on request / To be confirmed by COWIN engineering","Obtain supplier-approved model data before public numeric publication"
"rcdc-type-air-cooled-self-dumping-electromagnetic-iron-remover","RCDC Type Air-Cooled Self-Dumping Electromagnetic Iron Remover","Self-cleaning electromagnetic iron remover","Overall dimensions","Available on request / To be confirmed by COWIN engineering","Obtain supplier-approved model data before public numeric publication"
"rcdc-type-air-cooled-self-dumping-electromagnetic-iron-remover","RCDC Type Air-Cooled Self-Dumping Electromagnetic Iron Remover","Self-cleaning electromagnetic iron remover","Weight","Available on request / To be confirmed by COWIN engineering","Obtain supplier-approved model data before public numeric publication"
"rcde-type-oil-cooled-electromagnetic-iron-remover","RCDE Type Oil-Cooled Electromagnetic Iron Remover","Electromagnetic suspended separator","Model / series","Available on request / To be confirmed by COWIN engineering","Obtain supplier-approved model data before public numeric publication"
"rcde-type-oil-cooled-electromagnetic-iron-remover","RCDE Type Oil-Cooled Electromagnetic Iron Remover","Electromagnetic suspended separator","Input power","Available on request / To be confirmed by COWIN engineering","Obtain supplier-approved model data before public numeric publication"
"rcde-type-oil-cooled-electromagnetic-iron-remover","RCDE Type Oil-Cooled Electromagnetic Iron Remover","Electromagnetic suspended separator","Cooling configuration","Available on request / To be confirmed by COWIN engineering","Obtain supplier-approved model data before public numeric publication"
"rcde-type-oil-cooled-electromagnetic-iron-remover","RCDE Type Oil-Cooled Electromagnetic Iron Remover","Electromagnetic suspended separator","Duty cycle","Available on request / To be confirmed by COWIN engineering","Obtain supplier-approved model data before public numeric publication"
"rcde-type-oil-cooled-electromagnetic-iron-remover","RCDE Type Oil-Cooled Electromagnetic Iron Remover","Electromagnetic suspended separator","Insulation and protection","Available on request / To be confirmed by COWIN engineering","Obtain supplier-approved model data before public numeric publication"
"rcde-type-oil-cooled-electromagnetic-iron-remover","RCDE Type Oil-Cooled Electromagnetic Iron Remover","Electromagnetic suspended separator","Recommended suspension height","Available on request / To be confirmed by COWIN engineering","Obtain supplier-approved model data before public numeric publication"
"rcde-type-oil-cooled-electromagnetic-iron-remover","RCDE Type Oil-Cooled Electromagnetic Iron Remover","Electromagnetic suspended separator","Control arrangement","Available on request / To be confirmed by COWIN engineering","Obtain supplier-approved model data before public numeric publication"
"rcde-type-oil-cooled-electromagnetic-iron-remover","RCDE Type Oil-Cooled Electromagnetic Iron Remover","Electromagnetic suspended separator","Overall dimensions","Available on request / To be confirmed by COWIN engineering","Obtain supplier-approved model data before public numeric publication"
"rcde-type-oil-cooled-electromagnetic-iron-remover","RCDE Type Oil-Cooled Electromagnetic Iron Remover","Electromagnetic suspended separator","Weight","Available on request / To be confirmed by COWIN engineering","Obtain supplier-approved model data before public numeric publication"
"rcdf-oil-cooled-self-dumping-electromagnetic-iron-remover","RCDF Oil-Cooled Self-Dumping Electromagnetic Iron Remover","Self-cleaning electromagnetic iron remover","Model / series","Available on request / To be confirmed by COWIN engineering","Obtain supplier-approved model data before public numeric publication"
"rcdf-oil-cooled-self-dumping-electromagnetic-iron-remover","RCDF Oil-Cooled Self-Dumping Electromagnetic Iron Remover","Self-cleaning electromagnetic iron remover","Input power","Available on request / To be confirmed by COWIN engineering","Obtain supplier-approved model data before public numeric publication"
"rcdf-oil-cooled-self-dumping-electromagnetic-iron-remover","RCDF Oil-Cooled Self-Dumping Electromagnetic Iron Remover","Self-cleaning electromagnetic iron remover","Cooling configuration","Available on request / To be confirmed by COWIN engineering","Obtain supplier-approved model data before public numeric publication"
"rcdf-oil-cooled-self-dumping-electromagnetic-iron-remover","RCDF Oil-Cooled Self-Dumping Electromagnetic Iron Remover","Self-cleaning electromagnetic iron remover","Duty cycle","Available on request / To be confirmed by COWIN engineering","Obtain supplier-approved model data before public numeric publication"
"rcdf-oil-cooled-self-dumping-electromagnetic-iron-remover","RCDF Oil-Cooled Self-Dumping Electromagnetic Iron Remover","Self-cleaning electromagnetic iron remover","Insulation and protection","Available on request / To be confirmed by COWIN engineering","Obtain supplier-approved model data before public numeric publication"
"rcdf-oil-cooled-self-dumping-electromagnetic-iron-remover","RCDF Oil-Cooled Self-Dumping Electromagnetic Iron Remover","Self-cleaning electromagnetic iron remover","Discharge belt drive","Available on request / To be confirmed by COWIN engineering","Obtain supplier-approved model data before public numeric publication"
"rcdf-oil-cooled-self-dumping-electromagnetic-iron-remover","RCDF Oil-Cooled Self-Dumping Electromagnetic Iron Remover","Self-cleaning electromagnetic iron remover","Belt speed","Available on request / To be confirmed by COWIN engineering","Obtain supplier-approved model data before public numeric publication"
"rcdf-oil-cooled-self-dumping-electromagnetic-iron-remover","RCDF Oil-Cooled Self-Dumping Electromagnetic Iron Remover","Self-cleaning electromagnetic iron remover","Control and protection","Available on request / To be confirmed by COWIN engineering","Obtain supplier-approved model data before public numeric publication"
"rcdf-oil-cooled-self-dumping-electromagnetic-iron-remover","RCDF Oil-Cooled Self-Dumping Electromagnetic Iron Remover","Self-cleaning electromagnetic iron remover","Recommended suspension height","Available on request / To be confirmed by COWIN engineering","Obtain supplier-approved model data before public numeric publication"
"rcdf-oil-cooled-self-dumping-electromagnetic-iron-remover","RCDF Oil-Cooled Self-Dumping Electromagnetic Iron Remover","Self-cleaning electromagnetic iron remover","Overall dimensions","Available on request / To be confirmed by COWIN engineering","Obtain supplier-approved model data before public numeric publication"
"rcdf-oil-cooled-self-dumping-electromagnetic-iron-remover","RCDF Oil-Cooled Self-Dumping Electromagnetic Iron Remover","Self-cleaning electromagnetic iron remover","Weight","Available on request / To be confirmed by COWIN engineering","Obtain supplier-approved model data before public numeric publication"
"rcdfj-type-forced-oil-circulation-self-dumping-electromagnetic-iron-remover","RCDFJ Type Forced Oil Circulation Self-Dumping Electromagnetic Iron Remover","Self-cleaning electromagnetic iron remover","Model / series","Available on request / To be confirmed by COWIN engineering","Obtain supplier-approved model data before public numeric publication"
"rcdfj-type-forced-oil-circulation-self-dumping-electromagnetic-iron-remover","RCDFJ Type Forced Oil Circulation Self-Dumping Electromagnetic Iron Remover","Self-cleaning electromagnetic iron remover","Input power","Available on request / To be confirmed by COWIN engineering","Obtain supplier-approved model data before public numeric publication"
"rcdfj-type-forced-oil-circulation-self-dumping-electromagnetic-iron-remover","RCDFJ Type Forced Oil Circulation Self-Dumping Electromagnetic Iron Remover","Self-cleaning electromagnetic iron remover","Cooling configuration","Available on request / To be confirmed by COWIN engineering","Obtain supplier-approved model data before public numeric publication"
"rcdfj-type-forced-oil-circulation-self-dumping-electromagnetic-iron-remover","RCDFJ Type Forced Oil Circulation Self-Dumping Electromagnetic Iron Remover","Self-cleaning electromagnetic iron remover","Duty cycle","Available on request / To be confirmed by COWIN engineering","Obtain supplier-approved model data before public numeric publication"
"rcdfj-type-forced-oil-circulation-self-dumping-electromagnetic-iron-remover","RCDFJ Type Forced Oil Circulation Self-Dumping Electromagnetic Iron Remover","Self-cleaning electromagnetic iron remover","Insulation and protection","Available on request / To be confirmed by COWIN engineering","Obtain supplier-approved model data before public numeric publication"
"rcdfj-type-forced-oil-circulation-self-dumping-electromagnetic-iron-remover","RCDFJ Type Forced Oil Circulation Self-Dumping Electromagnetic Iron Remover","Self-cleaning electromagnetic iron remover","Discharge belt drive","Available on request / To be confirmed by COWIN engineering","Obtain supplier-approved model data before public numeric publication"
"rcdfj-type-forced-oil-circulation-self-dumping-electromagnetic-iron-remover","RCDFJ Type Forced Oil Circulation Self-Dumping Electromagnetic Iron Remover","Self-cleaning electromagnetic iron remover","Belt speed","Available on request / To be confirmed by COWIN engineering","Obtain supplier-approved model data before public numeric publication"
"rcdfj-type-forced-oil-circulation-self-dumping-electromagnetic-iron-remover","RCDFJ Type Forced Oil Circulation Self-Dumping Electromagnetic Iron Remover","Self-cleaning electromagnetic iron remover","Control and protection","Available on request / To be confirmed by COWIN engineering","Obtain supplier-approved model data before public numeric publication"
"rcdfj-type-forced-oil-circulation-self-dumping-electromagnetic-iron-remover","RCDFJ Type Forced Oil Circulation Self-Dumping Electromagnetic Iron Remover","Self-cleaning electromagnetic iron remover","Recommended suspension height","Available on request / To be confirmed by COWIN engineering","Obtain supplier-approved model data before public numeric publication"
"rcdfj-type-forced-oil-circulation-self-dumping-electromagnetic-iron-remover","RCDFJ Type Forced Oil Circulation Self-Dumping Electromagnetic Iron Remover","Self-cleaning electromagnetic iron remover","Overall dimensions","Available on request / To be confirmed by COWIN engineering","Obtain supplier-approved model data before public numeric publication"
"rcdfj-type-forced-oil-circulation-self-dumping-electromagnetic-iron-remover","RCDFJ Type Forced Oil Circulation Self-Dumping Electromagnetic Iron Remover","Self-cleaning electromagnetic iron remover","Weight","Available on request / To be confirmed by COWIN engineering","Obtain supplier-approved model data before public numeric publication"
"rcps-self-dumping-disc-type-permanent-magnet-iron-remover","RCPS Self-Dumping Disc-Type Permanent Magnet Iron Remover","Permanent self-cleaning iron remover","Model / series","Available on request / To be confirmed by COWIN engineering","Obtain supplier-approved model data before public numeric publication"
"rcps-self-dumping-disc-type-permanent-magnet-iron-remover","RCPS Self-Dumping Disc-Type Permanent Magnet Iron Remover","Permanent self-cleaning iron remover","Suitable belt width","Available on request / To be confirmed by COWIN engineering","Obtain supplier-approved model data before public numeric publication"
"rcps-self-dumping-disc-type-permanent-magnet-iron-remover","RCPS Self-Dumping Disc-Type Permanent Magnet Iron Remover","Permanent self-cleaning iron remover","Recommended suspension height","Available on request / To be confirmed by COWIN engineering","Obtain supplier-approved model data before public numeric publication"
"rcps-self-dumping-disc-type-permanent-magnet-iron-remover","RCPS Self-Dumping Disc-Type Permanent Magnet Iron Remover","Permanent self-cleaning iron remover","Material burden depth","Available on request / To be confirmed by COWIN engineering","Obtain supplier-approved model data before public numeric publication"
"rcps-self-dumping-disc-type-permanent-magnet-iron-remover","RCPS Self-Dumping Disc-Type Permanent Magnet Iron Remover","Permanent self-cleaning iron remover","Magnetic circuit","Available on request / To be confirmed by COWIN engineering","Obtain supplier-approved model data before public numeric publication"
"rcps-self-dumping-disc-type-permanent-magnet-iron-remover","RCPS Self-Dumping Disc-Type Permanent Magnet Iron Remover","Permanent self-cleaning iron remover","Discharge belt arrangement","Available on request / To be confirmed by COWIN engineering","Obtain supplier-approved model data before public numeric publication"
"rcps-self-dumping-disc-type-permanent-magnet-iron-remover","RCPS Self-Dumping Disc-Type Permanent Magnet Iron Remover","Permanent self-cleaning iron remover","Drive configuration","Available on request / To be confirmed by COWIN engineering","Obtain supplier-approved model data before public numeric publication"
"rcps-self-dumping-disc-type-permanent-magnet-iron-remover","RCPS Self-Dumping Disc-Type Permanent Magnet Iron Remover","Permanent self-cleaning iron remover","Belt speed","Available on request / To be confirmed by COWIN engineering","Obtain supplier-approved model data before public numeric publication"
"rcps-self-dumping-disc-type-permanent-magnet-iron-remover","RCPS Self-Dumping Disc-Type Permanent Magnet Iron Remover","Permanent self-cleaning iron remover","Iron discharge direction","Available on request / To be confirmed by COWIN engineering","Obtain supplier-approved model data before public numeric publication"
"rcps-self-dumping-disc-type-permanent-magnet-iron-remover","RCPS Self-Dumping Disc-Type Permanent Magnet Iron Remover","Permanent self-cleaning iron remover","Overall dimensions","Available on request / To be confirmed by COWIN engineering","Obtain supplier-approved model data before public numeric publication"
"rcps-self-dumping-disc-type-permanent-magnet-iron-remover","RCPS Self-Dumping Disc-Type Permanent Magnet Iron Remover","Permanent self-cleaning iron remover","Weight","Available on request / To be confirmed by COWIN engineering","Obtain supplier-approved model data before public numeric publication"
"rct-type-fully-magnetic-drum","RCT Type Fully Magnetic Drum","Wet magnetic separator","Model / series","Available on request / To be confirmed by COWIN engineering","Obtain supplier-approved model data before public numeric publication"
"rct-type-fully-magnetic-drum","RCT Type Fully Magnetic Drum","Wet magnetic separator","Drum diameter × length","Available on request / To be confirmed by COWIN engineering","Obtain supplier-approved model data before public numeric publication"
"rct-type-fully-magnetic-drum","RCT Type Fully Magnetic Drum","Wet magnetic separator","Tank type","Available on request / To be confirmed by COWIN engineering","Obtain supplier-approved model data before public numeric publication"
"rct-type-fully-magnetic-drum","RCT Type Fully Magnetic Drum","Wet magnetic separator","Feed particle size","Available on request / To be confirmed by COWIN engineering","Obtain supplier-approved model data before public numeric publication"
"rct-type-fully-magnetic-drum","RCT Type Fully Magnetic Drum","Wet magnetic separator","Slurry density","Available on request / To be confirmed by COWIN engineering","Obtain supplier-approved model data before public numeric publication"
"rct-type-fully-magnetic-drum","RCT Type Fully Magnetic Drum","Wet magnetic separator","Process capacity","Available on request / To be confirmed by COWIN engineering","Obtain supplier-approved model data before public numeric publication"
"rct-type-fully-magnetic-drum","RCT Type Fully Magnetic Drum","Wet magnetic separator","Drum speed","Available on request / To be confirmed by COWIN engineering","Obtain supplier-approved model data before public numeric publication"
"rct-type-fully-magnetic-drum","RCT Type Fully Magnetic Drum","Wet magnetic separator","Power","Available on request / To be confirmed by COWIN engineering","Obtain supplier-approved model data before public numeric publication"
"rct-type-fully-magnetic-drum","RCT Type Fully Magnetic Drum","Wet magnetic separator","Weight","Available on request / To be confirmed by COWIN engineering","Obtain supplier-approved model data before public numeric publication"
"rcya-type-inclined-pipeline-permanent-magnet-iron-remover","RCYA Type Inclined Pipeline Permanent Magnet Iron Remover","Magnetic filter or separator component","Model / series","Available on request / To be confirmed by COWIN engineering","Obtain supplier-approved model data before public numeric publication"
"rcya-type-inclined-pipeline-permanent-magnet-iron-remover","RCYA Type Inclined Pipeline Permanent Magnet Iron Remover","Magnetic filter or separator component","Opening or pipe connection","Available on request / To be confirmed by COWIN engineering","Obtain supplier-approved model data before public numeric publication"
"rcya-type-inclined-pipeline-permanent-magnet-iron-remover","RCYA Type Inclined Pipeline Permanent Magnet Iron Remover","Magnetic filter or separator component","Magnetic element arrangement","Available on request / To be confirmed by COWIN engineering","Obtain supplier-approved model data before public numeric publication"
"rcya-type-inclined-pipeline-permanent-magnet-iron-remover","RCYA Type Inclined Pipeline Permanent Magnet Iron Remover","Magnetic filter or separator component","Material of construction","Available on request / To be confirmed by COWIN engineering","Obtain supplier-approved model data before public numeric publication"
"rcya-type-inclined-pipeline-permanent-magnet-iron-remover","RCYA Type Inclined Pipeline Permanent Magnet Iron Remover","Magnetic filter or separator component","Flow or pressure condition","Available on request / To be confirmed by COWIN engineering","Obtain supplier-approved model data before public numeric publication"
"rcya-type-inclined-pipeline-permanent-magnet-iron-remover","RCYA Type Inclined Pipeline Permanent Magnet Iron Remover","Magnetic filter or separator component","Temperature condition","Available on request / To be confirmed by COWIN engineering","Obtain supplier-approved model data before public numeric publication"
"rcya-type-inclined-pipeline-permanent-magnet-iron-remover","RCYA Type Inclined Pipeline Permanent Magnet Iron Remover","Magnetic filter or separator component","Cleaning method","Available on request / To be confirmed by COWIN engineering","Obtain supplier-approved model data before public numeric publication"
"rcya-type-inclined-pipeline-permanent-magnet-iron-remover","RCYA Type Inclined Pipeline Permanent Magnet Iron Remover","Magnetic filter or separator component","Weight","Available on request / To be confirmed by COWIN engineering","Obtain supplier-approved model data before public numeric publication"
"rcydii-type-permanent-magnet-self-dumping-iron-remover","RCYDII Type Permanent Magnet Self-Dumping Iron Remover","Permanent self-cleaning iron remover","Model / series","Available on request / To be confirmed by COWIN engineering","Obtain supplier-approved model data before public numeric publication"
"rcydii-type-permanent-magnet-self-dumping-iron-remover","RCYDII Type Permanent Magnet Self-Dumping Iron Remover","Permanent self-cleaning iron remover","Suitable belt width","Available on request / To be confirmed by COWIN engineering","Obtain supplier-approved model data before public numeric publication"
"rcydii-type-permanent-magnet-self-dumping-iron-remover","RCYDII Type Permanent Magnet Self-Dumping Iron Remover","Permanent self-cleaning iron remover","Recommended suspension height","Available on request / To be confirmed by COWIN engineering","Obtain supplier-approved model data before public numeric publication"
"rcydii-type-permanent-magnet-self-dumping-iron-remover","RCYDII Type Permanent Magnet Self-Dumping Iron Remover","Permanent self-cleaning iron remover","Material burden depth","Available on request / To be confirmed by COWIN engineering","Obtain supplier-approved model data before public numeric publication"
"rcydii-type-permanent-magnet-self-dumping-iron-remover","RCYDII Type Permanent Magnet Self-Dumping Iron Remover","Permanent self-cleaning iron remover","Magnetic circuit","Available on request / To be confirmed by COWIN engineering","Obtain supplier-approved model data before public numeric publication"
"rcydii-type-permanent-magnet-self-dumping-iron-remover","RCYDII Type Permanent Magnet Self-Dumping Iron Remover","Permanent self-cleaning iron remover","Discharge belt arrangement","Available on request / To be confirmed by COWIN engineering","Obtain supplier-approved model data before public numeric publication"
"rcydii-type-permanent-magnet-self-dumping-iron-remover","RCYDII Type Permanent Magnet Self-Dumping Iron Remover","Permanent self-cleaning iron remover","Drive configuration","Available on request / To be confirmed by COWIN engineering","Obtain supplier-approved model data before public numeric publication"
"rcydii-type-permanent-magnet-self-dumping-iron-remover","RCYDII Type Permanent Magnet Self-Dumping Iron Remover","Permanent self-cleaning iron remover","Belt speed","Available on request / To be confirmed by COWIN engineering","Obtain supplier-approved model data before public numeric publication"
"rcydii-type-permanent-magnet-self-dumping-iron-remover","RCYDII Type Permanent Magnet Self-Dumping Iron Remover","Permanent self-cleaning iron remover","Iron discharge direction","Available on request / To be confirmed by COWIN engineering","Obtain supplier-approved model data before public numeric publication"
"rcydii-type-permanent-magnet-self-dumping-iron-remover","RCYDII Type Permanent Magnet Self-Dumping Iron Remover","Permanent self-cleaning iron remover","Overall dimensions","Available on request / To be confirmed by COWIN engineering","Obtain supplier-approved model data before public numeric publication"
"rcydii-type-permanent-magnet-self-dumping-iron-remover","RCYDII Type Permanent Magnet Self-Dumping Iron Remover","Permanent self-cleaning iron remover","Weight","Available on request / To be confirmed by COWIN engineering","Obtain supplier-approved model data before public numeric publication"
"rcye-type-permanent-magnet-self-dumping-iron-remover","RCYE Type Permanent Magnet Self-Dumping Iron Remover","Permanent self-cleaning iron remover","Model / series","Available on request / To be confirmed by COWIN engineering","Obtain supplier-approved model data before public numeric publication"
"rcye-type-permanent-magnet-self-dumping-iron-remover","RCYE Type Permanent Magnet Self-Dumping Iron Remover","Permanent self-cleaning iron remover","Suitable belt width","Available on request / To be confirmed by COWIN engineering","Obtain supplier-approved model data before public numeric publication"
"rcye-type-permanent-magnet-self-dumping-iron-remover","RCYE Type Permanent Magnet Self-Dumping Iron Remover","Permanent self-cleaning iron remover","Recommended suspension height","Available on request / To be confirmed by COWIN engineering","Obtain supplier-approved model data before public numeric publication"
"rcye-type-permanent-magnet-self-dumping-iron-remover","RCYE Type Permanent Magnet Self-Dumping Iron Remover","Permanent self-cleaning iron remover","Material burden depth","Available on request / To be confirmed by COWIN engineering","Obtain supplier-approved model data before public numeric publication"
"rcye-type-permanent-magnet-self-dumping-iron-remover","RCYE Type Permanent Magnet Self-Dumping Iron Remover","Permanent self-cleaning iron remover","Magnetic circuit","Available on request / To be confirmed by COWIN engineering","Obtain supplier-approved model data before public numeric publication"
"rcye-type-permanent-magnet-self-dumping-iron-remover","RCYE Type Permanent Magnet Self-Dumping Iron Remover","Permanent self-cleaning iron remover","Discharge belt arrangement","Available on request / To be confirmed by COWIN engineering","Obtain supplier-approved model data before public numeric publication"
"rcye-type-permanent-magnet-self-dumping-iron-remover","RCYE Type Permanent Magnet Self-Dumping Iron Remover","Permanent self-cleaning iron remover","Drive configuration","Available on request / To be confirmed by COWIN engineering","Obtain supplier-approved model data before public numeric publication"
"rcye-type-permanent-magnet-self-dumping-iron-remover","RCYE Type Permanent Magnet Self-Dumping Iron Remover","Permanent self-cleaning iron remover","Belt speed","Available on request / To be confirmed by COWIN engineering","Obtain supplier-approved model data before public numeric publication"
"rcye-type-permanent-magnet-self-dumping-iron-remover","RCYE Type Permanent Magnet Self-Dumping Iron Remover","Permanent self-cleaning iron remover","Iron discharge direction","Available on request / To be confirmed by COWIN engineering","Obtain supplier-approved model data before public numeric publication"
"rcye-type-permanent-magnet-self-dumping-iron-remover","RCYE Type Permanent Magnet Self-Dumping Iron Remover","Permanent self-cleaning iron remover","Overall dimensions","Available on request / To be confirmed by COWIN engineering","Obtain supplier-approved model data before public numeric publication"
"rcye-type-permanent-magnet-self-dumping-iron-remover","RCYE Type Permanent Magnet Self-Dumping Iron Remover","Permanent self-cleaning iron remover","Weight","Available on request / To be confirmed by COWIN engineering","Obtain supplier-approved model data before public numeric publication"
"rcyf-type-vertical-pipeline-permanent-magnet-iron-remover","RCYF Type Vertical Pipeline Permanent Magnet Iron Remover","Magnetic filter or separator component","Model / series","Available on request / To be confirmed by COWIN engineering","Obtain supplier-approved model data before public numeric publication"
"rcyf-type-vertical-pipeline-permanent-magnet-iron-remover","RCYF Type Vertical Pipeline Permanent Magnet Iron Remover","Magnetic filter or separator component","Opening or pipe connection","Available on request / To be confirmed by COWIN engineering","Obtain supplier-approved model data before public numeric publication"
"rcyf-type-vertical-pipeline-permanent-magnet-iron-remover","RCYF Type Vertical Pipeline Permanent Magnet Iron Remover","Magnetic filter or separator component","Magnetic element arrangement","Available on request / To be confirmed by COWIN engineering","Obtain supplier-approved model data before public numeric publication"
"rcyf-type-vertical-pipeline-permanent-magnet-iron-remover","RCYF Type Vertical Pipeline Permanent Magnet Iron Remover","Magnetic filter or separator component","Material of construction","Available on request / To be confirmed by COWIN engineering","Obtain supplier-approved model data before public numeric publication"
"rcyf-type-vertical-pipeline-permanent-magnet-iron-remover","RCYF Type Vertical Pipeline Permanent Magnet Iron Remover","Magnetic filter or separator component","Flow or pressure condition","Available on request / To be confirmed by COWIN engineering","Obtain supplier-approved model data before public numeric publication"
"rcyf-type-vertical-pipeline-permanent-magnet-iron-remover","RCYF Type Vertical Pipeline Permanent Magnet Iron Remover","Magnetic filter or separator component","Temperature condition","Available on request / To be confirmed by COWIN engineering","Obtain supplier-approved model data before public numeric publication"
"rcyf-type-vertical-pipeline-permanent-magnet-iron-remover","RCYF Type Vertical Pipeline Permanent Magnet Iron Remover","Magnetic filter or separator component","Cleaning method","Available on request / To be confirmed by COWIN engineering","Obtain supplier-approved model data before public numeric publication"
"rcyf-type-vertical-pipeline-permanent-magnet-iron-remover","RCYF Type Vertical Pipeline Permanent Magnet Iron Remover","Magnetic filter or separator component","Weight","Available on request / To be confirmed by COWIN engineering","Obtain supplier-approved model data before public numeric publication"
"rcyg-type-pipeline-self-dumping-permanent-magnet-iron-remover","RCYG Type Pipeline Self-Dumping Permanent Magnet Iron Remover","Magnetic filter or separator component","Model / series","Available on request / To be confirmed by COWIN engineering","Obtain supplier-approved model data before public numeric publication"
"rcyg-type-pipeline-self-dumping-permanent-magnet-iron-remover","RCYG Type Pipeline Self-Dumping Permanent Magnet Iron Remover","Magnetic filter or separator component","Opening or pipe connection","Available on request / To be confirmed by COWIN engineering","Obtain supplier-approved model data before public numeric publication"
"rcyg-type-pipeline-self-dumping-permanent-magnet-iron-remover","RCYG Type Pipeline Self-Dumping Permanent Magnet Iron Remover","Magnetic filter or separator component","Magnetic element arrangement","Available on request / To be confirmed by COWIN engineering","Obtain supplier-approved model data before public numeric publication"
"rcyg-type-pipeline-self-dumping-permanent-magnet-iron-remover","RCYG Type Pipeline Self-Dumping Permanent Magnet Iron Remover","Magnetic filter or separator component","Material of construction","Available on request / To be confirmed by COWIN engineering","Obtain supplier-approved model data before public numeric publication"
"rcyg-type-pipeline-self-dumping-permanent-magnet-iron-remover","RCYG Type Pipeline Self-Dumping Permanent Magnet Iron Remover","Magnetic filter or separator component","Flow or pressure condition","Available on request / To be confirmed by COWIN engineering","Obtain supplier-approved model data before public numeric publication"
"rcyg-type-pipeline-self-dumping-permanent-magnet-iron-remover","RCYG Type Pipeline Self-Dumping Permanent Magnet Iron Remover","Magnetic filter or separator component","Temperature condition","Available on request / To be confirmed by COWIN engineering","Obtain supplier-approved model data before public numeric publication"
"rcyg-type-pipeline-self-dumping-permanent-magnet-iron-remover","RCYG Type Pipeline Self-Dumping Permanent Magnet Iron Remover","Magnetic filter or separator component","Cleaning method","Available on request / To be confirmed by COWIN engineering","Obtain supplier-approved model data before public numeric publication"
"rcyg-type-pipeline-self-dumping-permanent-magnet-iron-remover","RCYG Type Pipeline Self-Dumping Permanent Magnet Iron Remover","Magnetic filter or separator component","Weight","Available on request / To be confirmed by COWIN engineering","Obtain supplier-approved model data before public numeric publication"
"rcyp-type-permanent-magnet-manual-self-dumping-iron-remover","RCYP Type Permanent Magnet Manual Self-Dumping Iron Remover","Permanent magnetic separator","Model / series","Available on request / To be confirmed by COWIN engineering","Obtain supplier-approved model data before public numeric publication"
"rcyp-type-permanent-magnet-manual-self-dumping-iron-remover","RCYP Type Permanent Magnet Manual Self-Dumping Iron Remover","Permanent magnetic separator","Suitable belt width","Available on request / To be confirmed by COWIN engineering","Obtain supplier-approved model data before public numeric publication"
"rcyp-type-permanent-magnet-manual-self-dumping-iron-remover","RCYP Type Permanent Magnet Manual Self-Dumping Iron Remover","Permanent magnetic separator","Recommended suspension height","Available on request / To be confirmed by COWIN engineering","Obtain supplier-approved model data before public numeric publication"
"rcyp-type-permanent-magnet-manual-self-dumping-iron-remover","RCYP Type Permanent Magnet Manual Self-Dumping Iron Remover","Permanent magnetic separator","Material burden depth","Available on request / To be confirmed by COWIN engineering","Obtain supplier-approved model data before public numeric publication"
"rcyp-type-permanent-magnet-manual-self-dumping-iron-remover","RCYP Type Permanent Magnet Manual Self-Dumping Iron Remover","Permanent magnetic separator","Magnetic circuit","Available on request / To be confirmed by COWIN engineering","Obtain supplier-approved model data before public numeric publication"
"rcyp-type-permanent-magnet-manual-self-dumping-iron-remover","RCYP Type Permanent Magnet Manual Self-Dumping Iron Remover","Permanent magnetic separator","Cleaning arrangement","Available on request / To be confirmed by COWIN engineering","Obtain supplier-approved model data before public numeric publication"
"rcyp-type-permanent-magnet-manual-self-dumping-iron-remover","RCYP Type Permanent Magnet Manual Self-Dumping Iron Remover","Permanent magnetic separator","Installation direction","Available on request / To be confirmed by COWIN engineering","Obtain supplier-approved model data before public numeric publication"
"rcyp-type-permanent-magnet-manual-self-dumping-iron-remover","RCYP Type Permanent Magnet Manual Self-Dumping Iron Remover","Permanent magnetic separator","Overall dimensions","Available on request / To be confirmed by COWIN engineering","Obtain supplier-approved model data before public numeric publication"
"rcyp-type-permanent-magnet-manual-self-dumping-iron-remover","RCYP Type Permanent Magnet Manual Self-Dumping Iron Remover","Permanent magnetic separator","Weight","Available on request / To be confirmed by COWIN engineering","Obtain supplier-approved model data before public numeric publication"
"rcyp-type-permanent-magnet-manual-self-dumping-iron-remover","RCYP Type Permanent Magnet Manual Self-Dumping Iron Remover","Permanent magnetic separator","Test method","Available on request / To be confirmed by COWIN engineering","Obtain supplier-approved model data before public numeric publication"
"rcyz-type-vertical-pipeline-permanent-magnet-iron-remover","RCYZ Type Vertical Pipeline Permanent Magnet Iron Remover","Magnetic filter or separator component","Model / series","Available on request / To be confirmed by COWIN engineering","Obtain supplier-approved model data before public numeric publication"
"rcyz-type-vertical-pipeline-permanent-magnet-iron-remover","RCYZ Type Vertical Pipeline Permanent Magnet Iron Remover","Magnetic filter or separator component","Opening or pipe connection","Available on request / To be confirmed by COWIN engineering","Obtain supplier-approved model data before public numeric publication"
"rcyz-type-vertical-pipeline-permanent-magnet-iron-remover","RCYZ Type Vertical Pipeline Permanent Magnet Iron Remover","Magnetic filter or separator component","Magnetic element arrangement","Available on request / To be confirmed by COWIN engineering","Obtain supplier-approved model data before public numeric publication"
"rcyz-type-vertical-pipeline-permanent-magnet-iron-remover","RCYZ Type Vertical Pipeline Permanent Magnet Iron Remover","Magnetic filter or separator component","Material of construction","Available on request / To be confirmed by COWIN engineering","Obtain supplier-approved model data before public numeric publication"
"rcyz-type-vertical-pipeline-permanent-magnet-iron-remover","RCYZ Type Vertical Pipeline Permanent Magnet Iron Remover","Magnetic filter or separator component","Flow or pressure condition","Available on request / To be confirmed by COWIN engineering","Obtain supplier-approved model data before public numeric publication"
"rcyz-type-vertical-pipeline-permanent-magnet-iron-remover","RCYZ Type Vertical Pipeline Permanent Magnet Iron Remover","Magnetic filter or separator component","Temperature condition","Available on request / To be confirmed by COWIN engineering","Obtain supplier-approved model data before public numeric publication"
"rcyz-type-vertical-pipeline-permanent-magnet-iron-remover","RCYZ Type Vertical Pipeline Permanent Magnet Iron Remover","Magnetic filter or separator component","Cleaning method","Available on request / To be confirmed by COWIN engineering","Obtain supplier-approved model data before public numeric publication"
"rcyz-type-vertical-pipeline-permanent-magnet-iron-remover","RCYZ Type Vertical Pipeline Permanent Magnet Iron Remover","Magnetic filter or separator component","Weight","Available on request / To be confirmed by COWIN engineering","Obtain supplier-approved model data before public numeric publication"
"cqz-type-fully-automatic-online-magnetic-separation","CQZ Type Fully Automatic Inline Magnetic Separator","Magnetic filter or separator component","Model / series","Available on request / To be confirmed by COWIN engineering","Obtain supplier-approved model data before public numeric publication"
"cqz-type-fully-automatic-online-magnetic-separation","CQZ Type Fully Automatic Inline Magnetic Separator","Magnetic filter or separator component","Opening or pipe connection","Available on request / To be confirmed by COWIN engineering","Obtain supplier-approved model data before public numeric publication"
"cqz-type-fully-automatic-online-magnetic-separation","CQZ Type Fully Automatic Inline Magnetic Separator","Magnetic filter or separator component","Magnetic element arrangement","Available on request / To be confirmed by COWIN engineering","Obtain supplier-approved model data before public numeric publication"
"cqz-type-fully-automatic-online-magnetic-separation","CQZ Type Fully Automatic Inline Magnetic Separator","Magnetic filter or separator component","Material of construction","Available on request / To be confirmed by COWIN engineering","Obtain supplier-approved model data before public numeric publication"
"cqz-type-fully-automatic-online-magnetic-separation","CQZ Type Fully Automatic Inline Magnetic Separator","Magnetic filter or separator component","Flow or pressure condition","Available on request / To be confirmed by COWIN engineering","Obtain supplier-approved model data before public numeric publication"
"cqz-type-fully-automatic-online-magnetic-separation","CQZ Type Fully Automatic Inline Magnetic Separator","Magnetic filter or separator component","Temperature condition","Available on request / To be confirmed by COWIN engineering","Obtain supplier-approved model data before public numeric publication"
"cqz-type-fully-automatic-online-magnetic-separation","CQZ Type Fully Automatic Inline Magnetic Separator","Magnetic filter or separator component","Cleaning method","Available on request / To be confirmed by COWIN engineering","Obtain supplier-approved model data before public numeric publication"
"cqz-type-fully-automatic-online-magnetic-separation","CQZ Type Fully Automatic Inline Magnetic Separator","Magnetic filter or separator component","Weight","Available on request / To be confirmed by COWIN engineering","Obtain supplier-approved model data before public numeric publication"
"ctb-wet-semi-countercurrent-magnetic-separator","CTB Wet Semi-Countercurrent Magnetic Separator","Wet magnetic separator","Model / series","Available on request / To be confirmed by COWIN engineering","Obtain supplier-approved model data before public numeric publication"
"ctb-wet-semi-countercurrent-magnetic-separator","CTB Wet Semi-Countercurrent Magnetic Separator","Wet magnetic separator","Drum diameter × length","Available on request / To be confirmed by COWIN engineering","Obtain supplier-approved model data before public numeric publication"
"ctb-wet-semi-countercurrent-magnetic-separator","CTB Wet Semi-Countercurrent Magnetic Separator","Wet magnetic separator","Tank type","Available on request / To be confirmed by COWIN engineering","Obtain supplier-approved model data before public numeric publication"
"ctb-wet-semi-countercurrent-magnetic-separator","CTB Wet Semi-Countercurrent Magnetic Separator","Wet magnetic separator","Feed particle size","Available on request / To be confirmed by COWIN engineering","Obtain supplier-approved model data before public numeric publication"
"ctb-wet-semi-countercurrent-magnetic-separator","CTB Wet Semi-Countercurrent Magnetic Separator","Wet magnetic separator","Slurry density","Available on request / To be confirmed by COWIN engineering","Obtain supplier-approved model data before public numeric publication"
"ctb-wet-semi-countercurrent-magnetic-separator","CTB Wet Semi-Countercurrent Magnetic Separator","Wet magnetic separator","Process capacity","Available on request / To be confirmed by COWIN engineering","Obtain supplier-approved model data before public numeric publication"
"ctb-wet-semi-countercurrent-magnetic-separator","CTB Wet Semi-Countercurrent Magnetic Separator","Wet magnetic separator","Drum speed","Available on request / To be confirmed by COWIN engineering","Obtain supplier-approved model data before public numeric publication"
"ctb-wet-semi-countercurrent-magnetic-separator","CTB Wet Semi-Countercurrent Magnetic Separator","Wet magnetic separator","Power","Available on request / To be confirmed by COWIN engineering","Obtain supplier-approved model data before public numeric publication"
"ctb-wet-semi-countercurrent-magnetic-separator","CTB Wet Semi-Countercurrent Magnetic Separator","Wet magnetic separator","Weight","Available on request / To be confirmed by COWIN engineering","Obtain supplier-approved model data before public numeric publication"
"dcx-wet-fully-automatic-magnetic-separator","DCX Wet Fully Automatic Magnetic Separator","Wet magnetic separator","Model / series","Available on request / To be confirmed by COWIN engineering","Obtain supplier-approved model data before public numeric publication"
"dcx-wet-fully-automatic-magnetic-separator","DCX Wet Fully Automatic Magnetic Separator","Wet magnetic separator","Drum diameter × length","Available on request / To be confirmed by COWIN engineering","Obtain supplier-approved model data before public numeric publication"
"dcx-wet-fully-automatic-magnetic-separator","DCX Wet Fully Automatic Magnetic Separator","Wet magnetic separator","Tank type","Available on request / To be confirmed by COWIN engineering","Obtain supplier-approved model data before public numeric publication"
"dcx-wet-fully-automatic-magnetic-separator","DCX Wet Fully Automatic Magnetic Separator","Wet magnetic separator","Feed particle size","Available on request / To be confirmed by COWIN engineering","Obtain supplier-approved model data before public numeric publication"
"dcx-wet-fully-automatic-magnetic-separator","DCX Wet Fully Automatic Magnetic Separator","Wet magnetic separator","Slurry density","Available on request / To be confirmed by COWIN engineering","Obtain supplier-approved model data before public numeric publication"
"dcx-wet-fully-automatic-magnetic-separator","DCX Wet Fully Automatic Magnetic Separator","Wet magnetic separator","Process capacity","Available on request / To be confirmed by COWIN engineering","Obtain supplier-approved model data before public numeric publication"
"dcx-wet-fully-automatic-magnetic-separator","DCX Wet Fully Automatic Magnetic Separator","Wet magnetic separator","Drum speed","Available on request / To be confirmed by COWIN engineering","Obtain supplier-approved model data before public numeric publication"
"dcx-wet-fully-automatic-magnetic-separator","DCX Wet Fully Automatic Magnetic Separator","Wet magnetic separator","Power","Available on request / To be confirmed by COWIN engineering","Obtain supplier-approved model data before public numeric publication"
"dcx-wet-fully-automatic-magnetic-separator","DCX Wet Fully Automatic Magnetic Separator","Wet magnetic separator","Weight","Available on request / To be confirmed by COWIN engineering","Obtain supplier-approved model data before public numeric publication"
"gtc-wet-plate-magnetic-separator","GTC Wet Plate Magnetic Separator","High-gradient or specialist mineral magnetic separator","Model / series","Available on request / To be confirmed by COWIN engineering","Obtain supplier-approved model data before public numeric publication"
"gtc-wet-plate-magnetic-separator","GTC Wet Plate Magnetic Separator","High-gradient or specialist mineral magnetic separator","Applicable mineral","Available on request / To be confirmed by COWIN engineering","Obtain supplier-approved model data before public numeric publication"
"gtc-wet-plate-magnetic-separator","GTC Wet Plate Magnetic Separator","High-gradient or specialist mineral magnetic separator","Feed particle size","Available on request / To be confirmed by COWIN engineering","Obtain supplier-approved model data before public numeric publication"
"gtc-wet-plate-magnetic-separator","GTC Wet Plate Magnetic Separator","High-gradient or specialist mineral magnetic separator","Magnetic field configuration","Available on request / To be confirmed by COWIN engineering","Obtain supplier-approved model data before public numeric publication"
"gtc-wet-plate-magnetic-separator","GTC Wet Plate Magnetic Separator","High-gradient or specialist mineral magnetic separator","Slurry density or feed condition","Available on request / To be confirmed by COWIN engineering","Obtain supplier-approved model data before public numeric publication"
"gtc-wet-plate-magnetic-separator","GTC Wet Plate Magnetic Separator","High-gradient or specialist mineral magnetic separator","Water requirement","Available on request / To be confirmed by COWIN engineering","Obtain supplier-approved model data before public numeric publication"
"gtc-wet-plate-magnetic-separator","GTC Wet Plate Magnetic Separator","High-gradient or specialist mineral magnetic separator","Process capacity","Available on request / To be confirmed by COWIN engineering","Obtain supplier-approved model data before public numeric publication"
"gtc-wet-plate-magnetic-separator","GTC Wet Plate Magnetic Separator","High-gradient or specialist mineral magnetic separator","Power","Available on request / To be confirmed by COWIN engineering","Obtain supplier-approved model data before public numeric publication"
"gtc-wet-plate-magnetic-separator","GTC Wet Plate Magnetic Separator","High-gradient or specialist mineral magnetic separator","Testwork requirement","Available on request / To be confirmed by COWIN engineering","Obtain supplier-approved model data before public numeric publication"
"hjlh-wet-vertical-ring-high-gradient-magnetic-separator","HJLH Wet Vertical-Ring High-Gradient Magnetic Separator","High-gradient or specialist mineral magnetic separator","Model / series","Available on request / To be confirmed by COWIN engineering","Obtain supplier-approved model data before public numeric publication"
"hjlh-wet-vertical-ring-high-gradient-magnetic-separator","HJLH Wet Vertical-Ring High-Gradient Magnetic Separator","High-gradient or specialist mineral magnetic separator","Applicable mineral","Available on request / To be confirmed by COWIN engineering","Obtain supplier-approved model data before public numeric publication"
"hjlh-wet-vertical-ring-high-gradient-magnetic-separator","HJLH Wet Vertical-Ring High-Gradient Magnetic Separator","High-gradient or specialist mineral magnetic separator","Feed particle size","Available on request / To be confirmed by COWIN engineering","Obtain supplier-approved model data before public numeric publication"
"hjlh-wet-vertical-ring-high-gradient-magnetic-separator","HJLH Wet Vertical-Ring High-Gradient Magnetic Separator","High-gradient or specialist mineral magnetic separator","Magnetic field configuration","Available on request / To be confirmed by COWIN engineering","Obtain supplier-approved model data before public numeric publication"
"hjlh-wet-vertical-ring-high-gradient-magnetic-separator","HJLH Wet Vertical-Ring High-Gradient Magnetic Separator","High-gradient or specialist mineral magnetic separator","Slurry density or feed condition","Available on request / To be confirmed by COWIN engineering","Obtain supplier-approved model data before public numeric publication"
"hjlh-wet-vertical-ring-high-gradient-magnetic-separator","HJLH Wet Vertical-Ring High-Gradient Magnetic Separator","High-gradient or specialist mineral magnetic separator","Water requirement","Available on request / To be confirmed by COWIN engineering","Obtain supplier-approved model data before public numeric publication"
"hjlh-wet-vertical-ring-high-gradient-magnetic-separator","HJLH Wet Vertical-Ring High-Gradient Magnetic Separator","High-gradient or specialist mineral magnetic separator","Process capacity","Available on request / To be confirmed by COWIN engineering","Obtain supplier-approved model data before public numeric publication"
"hjlh-wet-vertical-ring-high-gradient-magnetic-separator","HJLH Wet Vertical-Ring High-Gradient Magnetic Separator","High-gradient or specialist mineral magnetic separator","Power","Available on request / To be confirmed by COWIN engineering","Obtain supplier-approved model data before public numeric publication"
"hjlh-wet-vertical-ring-high-gradient-magnetic-separator","HJLH Wet Vertical-Ring High-Gradient Magnetic Separator","High-gradient or specialist mineral magnetic separator","Testwork requirement","Available on request / To be confirmed by COWIN engineering","Obtain supplier-approved model data before public numeric publication"
"hjpc-wet-disc-magnetic-separation","HJPC Wet Disc Magnetic Separator","High-gradient or specialist mineral magnetic separator","Model / series","Available on request / To be confirmed by COWIN engineering","Obtain supplier-approved model data before public numeric publication"
"hjpc-wet-disc-magnetic-separation","HJPC Wet Disc Magnetic Separator","High-gradient or specialist mineral magnetic separator","Applicable mineral","Available on request / To be confirmed by COWIN engineering","Obtain supplier-approved model data before public numeric publication"
"hjpc-wet-disc-magnetic-separation","HJPC Wet Disc Magnetic Separator","High-gradient or specialist mineral magnetic separator","Feed particle size","Available on request / To be confirmed by COWIN engineering","Obtain supplier-approved model data before public numeric publication"
"hjpc-wet-disc-magnetic-separation","HJPC Wet Disc Magnetic Separator","High-gradient or specialist mineral magnetic separator","Magnetic field configuration","Available on request / To be confirmed by COWIN engineering","Obtain supplier-approved model data before public numeric publication"
"hjpc-wet-disc-magnetic-separation","HJPC Wet Disc Magnetic Separator","High-gradient or specialist mineral magnetic separator","Slurry density or feed condition","Available on request / To be confirmed by COWIN engineering","Obtain supplier-approved model data before public numeric publication"
"hjpc-wet-disc-magnetic-separation","HJPC Wet Disc Magnetic Separator","High-gradient or specialist mineral magnetic separator","Water requirement","Available on request / To be confirmed by COWIN engineering","Obtain supplier-approved model data before public numeric publication"
"hjpc-wet-disc-magnetic-separation","HJPC Wet Disc Magnetic Separator","High-gradient or specialist mineral magnetic separator","Process capacity","Available on request / To be confirmed by COWIN engineering","Obtain supplier-approved model data before public numeric publication"
"hjpc-wet-disc-magnetic-separation","HJPC Wet Disc Magnetic Separator","High-gradient or specialist mineral magnetic separator","Power","Available on request / To be confirmed by COWIN engineering","Obtain supplier-approved model data before public numeric publication"
"hjpc-wet-disc-magnetic-separation","HJPC Wet Disc Magnetic Separator","High-gradient or specialist mineral magnetic separator","Testwork requirement","Available on request / To be confirmed by COWIN engineering","Obtain supplier-approved model data before public numeric publication"
"clt-type-magnetic-desliming-tank","CLT Type Magnetic Desliming Tank","High-gradient or specialist mineral magnetic separator","Model / series","Available on request / To be confirmed by COWIN engineering","Obtain supplier-approved model data before public numeric publication"
"clt-type-magnetic-desliming-tank","CLT Type Magnetic Desliming Tank","High-gradient or specialist mineral magnetic separator","Applicable mineral","Available on request / To be confirmed by COWIN engineering","Obtain supplier-approved model data before public numeric publication"
"clt-type-magnetic-desliming-tank","CLT Type Magnetic Desliming Tank","High-gradient or specialist mineral magnetic separator","Feed particle size","Available on request / To be confirmed by COWIN engineering","Obtain supplier-approved model data before public numeric publication"
"clt-type-magnetic-desliming-tank","CLT Type Magnetic Desliming Tank","High-gradient or specialist mineral magnetic separator","Magnetic field configuration","Available on request / To be confirmed by COWIN engineering","Obtain supplier-approved model data before public numeric publication"
"clt-type-magnetic-desliming-tank","CLT Type Magnetic Desliming Tank","High-gradient or specialist mineral magnetic separator","Slurry density or feed condition","Available on request / To be confirmed by COWIN engineering","Obtain supplier-approved model data before public numeric publication"
"clt-type-magnetic-desliming-tank","CLT Type Magnetic Desliming Tank","High-gradient or specialist mineral magnetic separator","Water requirement","Available on request / To be confirmed by COWIN engineering","Obtain supplier-approved model data before public numeric publication"
"clt-type-magnetic-desliming-tank","CLT Type Magnetic Desliming Tank","High-gradient or specialist mineral magnetic separator","Process capacity","Available on request / To be confirmed by COWIN engineering","Obtain supplier-approved model data before public numeric publication"
"clt-type-magnetic-desliming-tank","CLT Type Magnetic Desliming Tank","High-gradient or specialist mineral magnetic separator","Power","Available on request / To be confirmed by COWIN engineering","Obtain supplier-approved model data before public numeric publication"
"clt-type-magnetic-desliming-tank","CLT Type Magnetic Desliming Tank","High-gradient or specialist mineral magnetic separator","Testwork requirement","Available on request / To be confirmed by COWIN engineering","Obtain supplier-approved model data before public numeric publication"
"ctb-type-semi-countercurrent-wet-selection-machine","CTB Type Semi-Countercurrent Wet Magnetic Separator","Wet magnetic separator","Model / series","Available on request / To be confirmed by COWIN engineering","Obtain supplier-approved model data before public numeric publication"
"ctb-type-semi-countercurrent-wet-selection-machine","CTB Type Semi-Countercurrent Wet Magnetic Separator","Wet magnetic separator","Drum diameter × length","Available on request / To be confirmed by COWIN engineering","Obtain supplier-approved model data before public numeric publication"
"ctb-type-semi-countercurrent-wet-selection-machine","CTB Type Semi-Countercurrent Wet Magnetic Separator","Wet magnetic separator","Tank type","Available on request / To be confirmed by COWIN engineering","Obtain supplier-approved model data before public numeric publication"
"ctb-type-semi-countercurrent-wet-selection-machine","CTB Type Semi-Countercurrent Wet Magnetic Separator","Wet magnetic separator","Feed particle size","Available on request / To be confirmed by COWIN engineering","Obtain supplier-approved model data before public numeric publication"
"ctb-type-semi-countercurrent-wet-selection-machine","CTB Type Semi-Countercurrent Wet Magnetic Separator","Wet magnetic separator","Slurry density","Available on request / To be confirmed by COWIN engineering","Obtain supplier-approved model data before public numeric publication"
"ctb-type-semi-countercurrent-wet-selection-machine","CTB Type Semi-Countercurrent Wet Magnetic Separator","Wet magnetic separator","Process capacity","Available on request / To be confirmed by COWIN engineering","Obtain supplier-approved model data before public numeric publication"
"ctb-type-semi-countercurrent-wet-selection-machine","CTB Type Semi-Countercurrent Wet Magnetic Separator","Wet magnetic separator","Drum speed","Available on request / To be confirmed by COWIN engineering","Obtain supplier-approved model data before public numeric publication"
"ctb-type-semi-countercurrent-wet-selection-machine","CTB Type Semi-Countercurrent Wet Magnetic Separator","Wet magnetic separator","Power","Available on request / To be confirmed by COWIN engineering","Obtain supplier-approved model data before public numeric publication"
"ctb-type-semi-countercurrent-wet-selection-machine","CTB Type Semi-Countercurrent Wet Magnetic Separator","Wet magnetic separator","Weight","Available on request / To be confirmed by COWIN engineering","Obtain supplier-approved model data before public numeric publication"
"ctdg-type-permanent-magnet-bulk-dry-magnetic-separator","CTDG Type Permanent Magnet Bulk Dry Magnetic Separator","Dry magnetic separator","Model / series","Available on request / To be confirmed by COWIN engineering","Obtain supplier-approved model data before public numeric publication"
"ctdg-type-permanent-magnet-bulk-dry-magnetic-separator","CTDG Type Permanent Magnet Bulk Dry Magnetic Separator","Dry magnetic separator","Magnetic circuit","Available on request / To be confirmed by COWIN engineering","Obtain supplier-approved model data before public numeric publication"
"ctdg-type-permanent-magnet-bulk-dry-magnetic-separator","CTDG Type Permanent Magnet Bulk Dry Magnetic Separator","Dry magnetic separator","Feed particle size","Available on request / To be confirmed by COWIN engineering","Obtain supplier-approved model data before public numeric publication"
"ctdg-type-permanent-magnet-bulk-dry-magnetic-separator","CTDG Type Permanent Magnet Bulk Dry Magnetic Separator","Dry magnetic separator","Feed moisture","Available on request / To be confirmed by COWIN engineering","Obtain supplier-approved model data before public numeric publication"
"ctdg-type-permanent-magnet-bulk-dry-magnetic-separator","CTDG Type Permanent Magnet Bulk Dry Magnetic Separator","Dry magnetic separator","Process capacity","Available on request / To be confirmed by COWIN engineering","Obtain supplier-approved model data before public numeric publication"
"ctdg-type-permanent-magnet-bulk-dry-magnetic-separator","CTDG Type Permanent Magnet Bulk Dry Magnetic Separator","Dry magnetic separator","Feed arrangement","Available on request / To be confirmed by COWIN engineering","Obtain supplier-approved model data before public numeric publication"
"ctdg-type-permanent-magnet-bulk-dry-magnetic-separator","CTDG Type Permanent Magnet Bulk Dry Magnetic Separator","Dry magnetic separator","Power","Available on request / To be confirmed by COWIN engineering","Obtain supplier-approved model data before public numeric publication"
"ctdg-type-permanent-magnet-bulk-dry-magnetic-separator","CTDG Type Permanent Magnet Bulk Dry Magnetic Separator","Dry magnetic separator","Weight","Available on request / To be confirmed by COWIN engineering","Obtain supplier-approved model data before public numeric publication"
"ctn-type-full-countercurrent-wet-magnetic-separator","CTN Type Full Countercurrent Wet Magnetic Separator","Wet magnetic separator","Model / series","Available on request / To be confirmed by COWIN engineering","Obtain supplier-approved model data before public numeric publication"
"ctn-type-full-countercurrent-wet-magnetic-separator","CTN Type Full Countercurrent Wet Magnetic Separator","Wet magnetic separator","Drum diameter × length","Available on request / To be confirmed by COWIN engineering","Obtain supplier-approved model data before public numeric publication"
"ctn-type-full-countercurrent-wet-magnetic-separator","CTN Type Full Countercurrent Wet Magnetic Separator","Wet magnetic separator","Tank type","Available on request / To be confirmed by COWIN engineering","Obtain supplier-approved model data before public numeric publication"
"ctn-type-full-countercurrent-wet-magnetic-separator","CTN Type Full Countercurrent Wet Magnetic Separator","Wet magnetic separator","Feed particle size","Available on request / To be confirmed by COWIN engineering","Obtain supplier-approved model data before public numeric publication"
"ctn-type-full-countercurrent-wet-magnetic-separator","CTN Type Full Countercurrent Wet Magnetic Separator","Wet magnetic separator","Slurry density","Available on request / To be confirmed by COWIN engineering","Obtain supplier-approved model data before public numeric publication"
"ctn-type-full-countercurrent-wet-magnetic-separator","CTN Type Full Countercurrent Wet Magnetic Separator","Wet magnetic separator","Process capacity","Available on request / To be confirmed by COWIN engineering","Obtain supplier-approved model data before public numeric publication"
"ctn-type-full-countercurrent-wet-magnetic-separator","CTN Type Full Countercurrent Wet Magnetic Separator","Wet magnetic separator","Drum speed","Available on request / To be confirmed by COWIN engineering","Obtain supplier-approved model data before public numeric publication"
"ctn-type-full-countercurrent-wet-magnetic-separator","CTN Type Full Countercurrent Wet Magnetic Separator","Wet magnetic separator","Power","Available on request / To be confirmed by COWIN engineering","Obtain supplier-approved model data before public numeric publication"
"ctn-type-full-countercurrent-wet-magnetic-separator","CTN Type Full Countercurrent Wet Magnetic Separator","Wet magnetic separator","Weight","Available on request / To be confirmed by COWIN engineering","Obtain supplier-approved model data before public numeric publication"
"cts-type-downstream-wet-pre-selection-machine","CTS Type Downstream Wet Pre Selection Machine","Wet magnetic separator","Model / series","Available on request / To be confirmed by COWIN engineering","Obtain supplier-approved model data before public numeric publication"
"cts-type-downstream-wet-pre-selection-machine","CTS Type Downstream Wet Pre Selection Machine","Wet magnetic separator","Drum diameter × length","Available on request / To be confirmed by COWIN engineering","Obtain supplier-approved model data before public numeric publication"
"cts-type-downstream-wet-pre-selection-machine","CTS Type Downstream Wet Pre Selection Machine","Wet magnetic separator","Tank type","Available on request / To be confirmed by COWIN engineering","Obtain supplier-approved model data before public numeric publication"
"cts-type-downstream-wet-pre-selection-machine","CTS Type Downstream Wet Pre Selection Machine","Wet magnetic separator","Feed particle size","Available on request / To be confirmed by COWIN engineering","Obtain supplier-approved model data before public numeric publication"
"cts-type-downstream-wet-pre-selection-machine","CTS Type Downstream Wet Pre Selection Machine","Wet magnetic separator","Slurry density","Available on request / To be confirmed by COWIN engineering","Obtain supplier-approved model data before public numeric publication"
"cts-type-downstream-wet-pre-selection-machine","CTS Type Downstream Wet Pre Selection Machine","Wet magnetic separator","Process capacity","Available on request / To be confirmed by COWIN engineering","Obtain supplier-approved model data before public numeric publication"
"cts-type-downstream-wet-pre-selection-machine","CTS Type Downstream Wet Pre Selection Machine","Wet magnetic separator","Drum speed","Available on request / To be confirmed by COWIN engineering","Obtain supplier-approved model data before public numeric publication"
"cts-type-downstream-wet-pre-selection-machine","CTS Type Downstream Wet Pre Selection Machine","Wet magnetic separator","Power","Available on request / To be confirmed by COWIN engineering","Obtain supplier-approved model data before public numeric publication"
"cts-type-downstream-wet-pre-selection-machine","CTS Type Downstream Wet Pre Selection Machine","Wet magnetic separator","Weight","Available on request / To be confirmed by COWIN engineering","Obtain supplier-approved model data before public numeric publication"
"ctzs-type-upward-suction-magnetic-separator","CTZS Type Upward Suction Magnetic Separator","Wet magnetic separator","Model / series","Available on request / To be confirmed by COWIN engineering","Obtain supplier-approved model data before public numeric publication"
"ctzs-type-upward-suction-magnetic-separator","CTZS Type Upward Suction Magnetic Separator","Wet magnetic separator","Drum diameter × length","Available on request / To be confirmed by COWIN engineering","Obtain supplier-approved model data before public numeric publication"
"ctzs-type-upward-suction-magnetic-separator","CTZS Type Upward Suction Magnetic Separator","Wet magnetic separator","Tank type","Available on request / To be confirmed by COWIN engineering","Obtain supplier-approved model data before public numeric publication"
"ctzs-type-upward-suction-magnetic-separator","CTZS Type Upward Suction Magnetic Separator","Wet magnetic separator","Feed particle size","Available on request / To be confirmed by COWIN engineering","Obtain supplier-approved model data before public numeric publication"
"ctzs-type-upward-suction-magnetic-separator","CTZS Type Upward Suction Magnetic Separator","Wet magnetic separator","Slurry density","Available on request / To be confirmed by COWIN engineering","Obtain supplier-approved model data before public numeric publication"
"ctzs-type-upward-suction-magnetic-separator","CTZS Type Upward Suction Magnetic Separator","Wet magnetic separator","Process capacity","Available on request / To be confirmed by COWIN engineering","Obtain supplier-approved model data before public numeric publication"
"ctzs-type-upward-suction-magnetic-separator","CTZS Type Upward Suction Magnetic Separator","Wet magnetic separator","Drum speed","Available on request / To be confirmed by COWIN engineering","Obtain supplier-approved model data before public numeric publication"
"ctzs-type-upward-suction-magnetic-separator","CTZS Type Upward Suction Magnetic Separator","Wet magnetic separator","Power","Available on request / To be confirmed by COWIN engineering","Obtain supplier-approved model data before public numeric publication"
"ctzs-type-upward-suction-magnetic-separator","CTZS Type Upward Suction Magnetic Separator","Wet magnetic separator","Weight","Available on request / To be confirmed by COWIN engineering","Obtain supplier-approved model data before public numeric publication"
"hcg-type-dry-pre-selection-machine","HCG Type Dry Pre Selection Machine","Dry magnetic separator","Model / series","Available on request / To be confirmed by COWIN engineering","Obtain supplier-approved model data before public numeric publication"
"hcg-type-dry-pre-selection-machine","HCG Type Dry Pre Selection Machine","Dry magnetic separator","Magnetic circuit","Available on request / To be confirmed by COWIN engineering","Obtain supplier-approved model data before public numeric publication"
"hcg-type-dry-pre-selection-machine","HCG Type Dry Pre Selection Machine","Dry magnetic separator","Feed particle size","Available on request / To be confirmed by COWIN engineering","Obtain supplier-approved model data before public numeric publication"
"hcg-type-dry-pre-selection-machine","HCG Type Dry Pre Selection Machine","Dry magnetic separator","Feed moisture","Available on request / To be confirmed by COWIN engineering","Obtain supplier-approved model data before public numeric publication"
"hcg-type-dry-pre-selection-machine","HCG Type Dry Pre Selection Machine","Dry magnetic separator","Process capacity","Available on request / To be confirmed by COWIN engineering","Obtain supplier-approved model data before public numeric publication"
"hcg-type-dry-pre-selection-machine","HCG Type Dry Pre Selection Machine","Dry magnetic separator","Feed arrangement","Available on request / To be confirmed by COWIN engineering","Obtain supplier-approved model data before public numeric publication"
"hcg-type-dry-pre-selection-machine","HCG Type Dry Pre Selection Machine","Dry magnetic separator","Power","Available on request / To be confirmed by COWIN engineering","Obtain supplier-approved model data before public numeric publication"
"hcg-type-dry-pre-selection-machine","HCG Type Dry Pre Selection Machine","Dry magnetic separator","Weight","Available on request / To be confirmed by COWIN engineering","Obtain supplier-approved model data before public numeric publication"
"hjlh-type-vertical-ring-high-gradient-magnetic-separation","HJLH Type Vertical-Ring High-Gradient Magnetic Separator","High-gradient or specialist mineral magnetic separator","Model / series","Available on request / To be confirmed by COWIN engineering","Obtain supplier-approved model data before public numeric publication"
"hjlh-type-vertical-ring-high-gradient-magnetic-separation","HJLH Type Vertical-Ring High-Gradient Magnetic Separator","High-gradient or specialist mineral magnetic separator","Applicable mineral","Available on request / To be confirmed by COWIN engineering","Obtain supplier-approved model data before public numeric publication"
"hjlh-type-vertical-ring-high-gradient-magnetic-separation","HJLH Type Vertical-Ring High-Gradient Magnetic Separator","High-gradient or specialist mineral magnetic separator","Feed particle size","Available on request / To be confirmed by COWIN engineering","Obtain supplier-approved model data before public numeric publication"
"hjlh-type-vertical-ring-high-gradient-magnetic-separation","HJLH Type Vertical-Ring High-Gradient Magnetic Separator","High-gradient or specialist mineral magnetic separator","Magnetic field configuration","Available on request / To be confirmed by COWIN engineering","Obtain supplier-approved model data before public numeric publication"
"hjlh-type-vertical-ring-high-gradient-magnetic-separation","HJLH Type Vertical-Ring High-Gradient Magnetic Separator","High-gradient or specialist mineral magnetic separator","Slurry density or feed condition","Available on request / To be confirmed by COWIN engineering","Obtain supplier-approved model data before public numeric publication"
"hjlh-type-vertical-ring-high-gradient-magnetic-separation","HJLH Type Vertical-Ring High-Gradient Magnetic Separator","High-gradient or specialist mineral magnetic separator","Water requirement","Available on request / To be confirmed by COWIN engineering","Obtain supplier-approved model data before public numeric publication"
"hjlh-type-vertical-ring-high-gradient-magnetic-separation","HJLH Type Vertical-Ring High-Gradient Magnetic Separator","High-gradient or specialist mineral magnetic separator","Process capacity","Available on request / To be confirmed by COWIN engineering","Obtain supplier-approved model data before public numeric publication"
"hjlh-type-vertical-ring-high-gradient-magnetic-separation","HJLH Type Vertical-Ring High-Gradient Magnetic Separator","High-gradient or specialist mineral magnetic separator","Power","Available on request / To be confirmed by COWIN engineering","Obtain supplier-approved model data before public numeric publication"
"hjlh-type-vertical-ring-high-gradient-magnetic-separation","HJLH Type Vertical-Ring High-Gradient Magnetic Separator","High-gradient or specialist mineral magnetic separator","Testwork requirement","Available on request / To be confirmed by COWIN engineering","Obtain supplier-approved model data before public numeric publication"
"ljk-type-magnetic-ore-special-iron-remover","LJK Type Magnetic Ore Iron Remover","High-gradient or specialist mineral magnetic separator","Model / series","Available on request / To be confirmed by COWIN engineering","Obtain supplier-approved model data before public numeric publication"
"ljk-type-magnetic-ore-special-iron-remover","LJK Type Magnetic Ore Iron Remover","High-gradient or specialist mineral magnetic separator","Applicable mineral","Available on request / To be confirmed by COWIN engineering","Obtain supplier-approved model data before public numeric publication"
"ljk-type-magnetic-ore-special-iron-remover","LJK Type Magnetic Ore Iron Remover","High-gradient or specialist mineral magnetic separator","Feed particle size","Available on request / To be confirmed by COWIN engineering","Obtain supplier-approved model data before public numeric publication"
"ljk-type-magnetic-ore-special-iron-remover","LJK Type Magnetic Ore Iron Remover","High-gradient or specialist mineral magnetic separator","Magnetic field configuration","Available on request / To be confirmed by COWIN engineering","Obtain supplier-approved model data before public numeric publication"
"ljk-type-magnetic-ore-special-iron-remover","LJK Type Magnetic Ore Iron Remover","High-gradient or specialist mineral magnetic separator","Slurry density or feed condition","Available on request / To be confirmed by COWIN engineering","Obtain supplier-approved model data before public numeric publication"
"ljk-type-magnetic-ore-special-iron-remover","LJK Type Magnetic Ore Iron Remover","High-gradient or specialist mineral magnetic separator","Water requirement","Available on request / To be confirmed by COWIN engineering","Obtain supplier-approved model data before public numeric publication"
"ljk-type-magnetic-ore-special-iron-remover","LJK Type Magnetic Ore Iron Remover","High-gradient or specialist mineral magnetic separator","Process capacity","Available on request / To be confirmed by COWIN engineering","Obtain supplier-approved model data before public numeric publication"
"ljk-type-magnetic-ore-special-iron-remover","LJK Type Magnetic Ore Iron Remover","High-gradient or specialist mineral magnetic separator","Power","Available on request / To be confirmed by COWIN engineering","Obtain supplier-approved model data before public numeric publication"
"ljk-type-magnetic-ore-special-iron-remover","LJK Type Magnetic Ore Iron Remover","High-gradient or specialist mineral magnetic separator","Testwork requirement","Available on request / To be confirmed by COWIN engineering","Obtain supplier-approved model data before public numeric publication"
"nct-type-concentrated-magnetic-separator","NCT Type Concentrated Magnetic Separator","High-gradient or specialist mineral magnetic separator","Model / series","Available on request / To be confirmed by COWIN engineering","Obtain supplier-approved model data before public numeric publication"
"nct-type-concentrated-magnetic-separator","NCT Type Concentrated Magnetic Separator","High-gradient or specialist mineral magnetic separator","Applicable mineral","Available on request / To be confirmed by COWIN engineering","Obtain supplier-approved model data before public numeric publication"
"nct-type-concentrated-magnetic-separator","NCT Type Concentrated Magnetic Separator","High-gradient or specialist mineral magnetic separator","Feed particle size","Available on request / To be confirmed by COWIN engineering","Obtain supplier-approved model data before public numeric publication"
"nct-type-concentrated-magnetic-separator","NCT Type Concentrated Magnetic Separator","High-gradient or specialist mineral magnetic separator","Magnetic field configuration","Available on request / To be confirmed by COWIN engineering","Obtain supplier-approved model data before public numeric publication"
"nct-type-concentrated-magnetic-separator","NCT Type Concentrated Magnetic Separator","High-gradient or specialist mineral magnetic separator","Slurry density or feed condition","Available on request / To be confirmed by COWIN engineering","Obtain supplier-approved model data before public numeric publication"
"nct-type-concentrated-magnetic-separator","NCT Type Concentrated Magnetic Separator","High-gradient or specialist mineral magnetic separator","Water requirement","Available on request / To be confirmed by COWIN engineering","Obtain supplier-approved model data before public numeric publication"
"nct-type-concentrated-magnetic-separator","NCT Type Concentrated Magnetic Separator","High-gradient or specialist mineral magnetic separator","Process capacity","Available on request / To be confirmed by COWIN engineering","Obtain supplier-approved model data before public numeric publication"
"nct-type-concentrated-magnetic-separator","NCT Type Concentrated Magnetic Separator","High-gradient or specialist mineral magnetic separator","Power","Available on request / To be confirmed by COWIN engineering","Obtain supplier-approved model data before public numeric publication"
"nct-type-concentrated-magnetic-separator","NCT Type Concentrated Magnetic Separator","High-gradient or specialist mineral magnetic separator","Testwork requirement","Available on request / To be confirmed by COWIN engineering","Obtain supplier-approved model data before public numeric publication"
"wbc-semi-magnetic-tailings-recovery-machine","WBC Semi-Magnetic Tailings Recovery Machine","High-gradient or specialist mineral magnetic separator","Model / series","Available on request / To be confirmed by COWIN engineering","Obtain supplier-approved model data before public numeric publication"
"wbc-semi-magnetic-tailings-recovery-machine","WBC Semi-Magnetic Tailings Recovery Machine","High-gradient or specialist mineral magnetic separator","Applicable mineral","Available on request / To be confirmed by COWIN engineering","Obtain supplier-approved model data before public numeric publication"
"wbc-semi-magnetic-tailings-recovery-machine","WBC Semi-Magnetic Tailings Recovery Machine","High-gradient or specialist mineral magnetic separator","Feed particle size","Available on request / To be confirmed by COWIN engineering","Obtain supplier-approved model data before public numeric publication"
"wbc-semi-magnetic-tailings-recovery-machine","WBC Semi-Magnetic Tailings Recovery Machine","High-gradient or specialist mineral magnetic separator","Magnetic field configuration","Available on request / To be confirmed by COWIN engineering","Obtain supplier-approved model data before public numeric publication"
"wbc-semi-magnetic-tailings-recovery-machine","WBC Semi-Magnetic Tailings Recovery Machine","High-gradient or specialist mineral magnetic separator","Slurry density or feed condition","Available on request / To be confirmed by COWIN engineering","Obtain supplier-approved model data before public numeric publication"
"wbc-semi-magnetic-tailings-recovery-machine","WBC Semi-Magnetic Tailings Recovery Machine","High-gradient or specialist mineral magnetic separator","Water requirement","Available on request / To be confirmed by COWIN engineering","Obtain supplier-approved model data before public numeric publication"
"wbc-semi-magnetic-tailings-recovery-machine","WBC Semi-Magnetic Tailings Recovery Machine","High-gradient or specialist mineral magnetic separator","Process capacity","Available on request / To be confirmed by COWIN engineering","Obtain supplier-approved model data before public numeric publication"
"wbc-semi-magnetic-tailings-recovery-machine","WBC Semi-Magnetic Tailings Recovery Machine","High-gradient or specialist mineral magnetic separator","Power","Available on request / To be confirmed by COWIN engineering","Obtain supplier-approved model data before public numeric publication"
"wbc-semi-magnetic-tailings-recovery-machine","WBC Semi-Magnetic Tailings Recovery Machine","High-gradient or specialist mineral magnetic separator","Testwork requirement","Available on request / To be confirmed by COWIN engineering","Obtain supplier-approved model data before public numeric publication"
"ctn-type-specialized-magnetic-separator-for-coal-washing","CTN Type Specialized Magnetic Separator for Coal Washing","Wet magnetic separator","Model / series","Available on request / To be confirmed by COWIN engineering","Obtain supplier-approved model data before public numeric publication"
"ctn-type-specialized-magnetic-separator-for-coal-washing","CTN Type Specialized Magnetic Separator for Coal Washing","Wet magnetic separator","Drum diameter × length","Available on request / To be confirmed by COWIN engineering","Obtain supplier-approved model data before public numeric publication"
"ctn-type-specialized-magnetic-separator-for-coal-washing","CTN Type Specialized Magnetic Separator for Coal Washing","Wet magnetic separator","Tank type","Available on request / To be confirmed by COWIN engineering","Obtain supplier-approved model data before public numeric publication"
"ctn-type-specialized-magnetic-separator-for-coal-washing","CTN Type Specialized Magnetic Separator for Coal Washing","Wet magnetic separator","Feed particle size","Available on request / To be confirmed by COWIN engineering","Obtain supplier-approved model data before public numeric publication"
"ctn-type-specialized-magnetic-separator-for-coal-washing","CTN Type Specialized Magnetic Separator for Coal Washing","Wet magnetic separator","Slurry density","Available on request / To be confirmed by COWIN engineering","Obtain supplier-approved model data before public numeric publication"
"ctn-type-specialized-magnetic-separator-for-coal-washing","CTN Type Specialized Magnetic Separator for Coal Washing","Wet magnetic separator","Process capacity","Available on request / To be confirmed by COWIN engineering","Obtain supplier-approved model data before public numeric publication"
"ctn-type-specialized-magnetic-separator-for-coal-washing","CTN Type Specialized Magnetic Separator for Coal Washing","Wet magnetic separator","Drum speed","Available on request / To be confirmed by COWIN engineering","Obtain supplier-approved model data before public numeric publication"
"ctn-type-specialized-magnetic-separator-for-coal-washing","CTN Type Specialized Magnetic Separator for Coal Washing","Wet magnetic separator","Power","Available on request / To be confirmed by COWIN engineering","Obtain supplier-approved model data before public numeric publication"
"ctn-type-specialized-magnetic-separator-for-coal-washing","CTN Type Specialized Magnetic Separator for Coal Washing","Wet magnetic separator","Weight","Available on request / To be confirmed by COWIN engineering","Obtain supplier-approved model data before public numeric publication"
"hmdn-coal-washing-special-magnetic-separator","HMDN Coal Washing Special Magnetic Separator","Industrial magnetic-process auxiliary equipment","Model / series","Available on request / To be confirmed by COWIN engineering","Obtain supplier-approved model data before public numeric publication"
"hmdn-coal-washing-special-magnetic-separator","HMDN Coal Washing Special Magnetic Separator","Industrial magnetic-process auxiliary equipment","Application duty","Available on request / To be confirmed by COWIN engineering","Obtain supplier-approved model data before public numeric publication"
"hmdn-coal-washing-special-magnetic-separator","HMDN Coal Washing Special Magnetic Separator","Industrial magnetic-process auxiliary equipment","Installation interface","Available on request / To be confirmed by COWIN engineering","Obtain supplier-approved model data before public numeric publication"
"hmdn-coal-washing-special-magnetic-separator","HMDN Coal Washing Special Magnetic Separator","Industrial magnetic-process auxiliary equipment","Operating condition","Available on request / To be confirmed by COWIN engineering","Obtain supplier-approved model data before public numeric publication"
"hmdn-coal-washing-special-magnetic-separator","HMDN Coal Washing Special Magnetic Separator","Industrial magnetic-process auxiliary equipment","Power supply where applicable","Available on request / To be confirmed by COWIN engineering","Obtain supplier-approved model data before public numeric publication"
"hmdn-coal-washing-special-magnetic-separator","HMDN Coal Washing Special Magnetic Separator","Industrial magnetic-process auxiliary equipment","Overall dimensions","Available on request / To be confirmed by COWIN engineering","Obtain supplier-approved model data before public numeric publication"
"hmdn-coal-washing-special-magnetic-separator","HMDN Coal Washing Special Magnetic Separator","Industrial magnetic-process auxiliary equipment","Weight","Available on request / To be confirmed by COWIN engineering","Obtain supplier-approved model data before public numeric publication"
"dls-type-window-metal-detector","DLS Type Window Metal Detector","Industrial metal detector","Model / series","Available on request / To be confirmed by COWIN engineering","Obtain supplier-approved model data before public numeric publication"
"dls-type-window-metal-detector","DLS Type Window Metal Detector","Industrial metal detector","Detection aperture","Available on request / To be confirmed by COWIN engineering","Obtain supplier-approved model data before public numeric publication"
"dls-type-window-metal-detector","DLS Type Window Metal Detector","Industrial metal detector","Test piece and sensitivity requirement","Available on request / To be confirmed by COWIN engineering","Obtain supplier-approved model data before public numeric publication"
"dls-type-window-metal-detector","DLS Type Window Metal Detector","Industrial metal detector","Conveyor speed","Available on request / To be confirmed by COWIN engineering","Obtain supplier-approved model data before public numeric publication"
"dls-type-window-metal-detector","DLS Type Window Metal Detector","Industrial metal detector","Alarm or interlock output","Available on request / To be confirmed by COWIN engineering","Obtain supplier-approved model data before public numeric publication"
"dls-type-window-metal-detector","DLS Type Window Metal Detector","Industrial metal detector","Integration arrangement","Available on request / To be confirmed by COWIN engineering","Obtain supplier-approved model data before public numeric publication"
"dls-type-window-metal-detector","DLS Type Window Metal Detector","Industrial metal detector","Environmental condition","Available on request / To be confirmed by COWIN engineering","Obtain supplier-approved model data before public numeric publication"
"dls-type-window-metal-detector","DLS Type Window Metal Detector","Industrial metal detector","Power supply","Available on request / To be confirmed by COWIN engineering","Obtain supplier-approved model data before public numeric publication"
"gjt-type-window-metal-detector","GJT Window Metal Detector","Industrial metal detector","Model / series","Available on request / To be confirmed by COWIN engineering","Obtain supplier-approved model data before public numeric publication"
"gjt-type-window-metal-detector","GJT Window Metal Detector","Industrial metal detector","Detection aperture","Available on request / To be confirmed by COWIN engineering","Obtain supplier-approved model data before public numeric publication"
"gjt-type-window-metal-detector","GJT Window Metal Detector","Industrial metal detector","Test piece and sensitivity requirement","Available on request / To be confirmed by COWIN engineering","Obtain supplier-approved model data before public numeric publication"
"gjt-type-window-metal-detector","GJT Window Metal Detector","Industrial metal detector","Conveyor speed","Available on request / To be confirmed by COWIN engineering","Obtain supplier-approved model data before public numeric publication"
"gjt-type-window-metal-detector","GJT Window Metal Detector","Industrial metal detector","Alarm or interlock output","Available on request / To be confirmed by COWIN engineering","Obtain supplier-approved model data before public numeric publication"
"gjt-type-window-metal-detector","GJT Window Metal Detector","Industrial metal detector","Integration arrangement","Available on request / To be confirmed by COWIN engineering","Obtain supplier-approved model data before public numeric publication"
"gjt-type-window-metal-detector","GJT Window Metal Detector","Industrial metal detector","Environmental condition","Available on request / To be confirmed by COWIN engineering","Obtain supplier-approved model data before public numeric publication"
"gjt-type-window-metal-detector","GJT Window Metal Detector","Industrial metal detector","Power supply","Available on request / To be confirmed by COWIN engineering","Obtain supplier-approved model data before public numeric publication"
"hecp-eddy-current-metal-sorting-machine","HECP Eddy Current Metal Sorting Machine","Eddy-current separator","Model / series","Available on request / To be confirmed by COWIN engineering","Obtain supplier-approved model data before public numeric publication"
"hecp-eddy-current-metal-sorting-machine","HECP Eddy Current Metal Sorting Machine","Eddy-current separator","Rotor configuration","Available on request / To be confirmed by COWIN engineering","Obtain supplier-approved model data before public numeric publication"
"hecp-eddy-current-metal-sorting-machine","HECP Eddy Current Metal Sorting Machine","Eddy-current separator","Belt width","Available on request / To be confirmed by COWIN engineering","Obtain supplier-approved model data before public numeric publication"
"hecp-eddy-current-metal-sorting-machine","HECP Eddy Current Metal Sorting Machine","Eddy-current separator","Feed particle size","Available on request / To be confirmed by COWIN engineering","Obtain supplier-approved model data before public numeric publication"
"hecp-eddy-current-metal-sorting-machine","HECP Eddy Current Metal Sorting Machine","Eddy-current separator","Process capacity","Available on request / To be confirmed by COWIN engineering","Obtain supplier-approved model data before public numeric publication"
"hecp-eddy-current-metal-sorting-machine","HECP Eddy Current Metal Sorting Machine","Eddy-current separator","Splitter adjustment","Available on request / To be confirmed by COWIN engineering","Obtain supplier-approved model data before public numeric publication"
"hecp-eddy-current-metal-sorting-machine","HECP Eddy Current Metal Sorting Machine","Eddy-current separator","Rotor speed","Available on request / To be confirmed by COWIN engineering","Obtain supplier-approved model data before public numeric publication"
"hecp-eddy-current-metal-sorting-machine","HECP Eddy Current Metal Sorting Machine","Eddy-current separator","Power","Available on request / To be confirmed by COWIN engineering","Obtain supplier-approved model data before public numeric publication"
"hecp-eddy-current-metal-sorting-machine","HECP Eddy Current Metal Sorting Machine","Eddy-current separator","Weight","Available on request / To be confirmed by COWIN engineering","Obtain supplier-approved model data before public numeric publication"
"hecs-type-eddy-current-metal-sorting-machine","HECS Type Eddy Current Metal Sorting Machine","Eddy-current separator","Model / series","Available on request / To be confirmed by COWIN engineering","Obtain supplier-approved model data before public numeric publication"
"hecs-type-eddy-current-metal-sorting-machine","HECS Type Eddy Current Metal Sorting Machine","Eddy-current separator","Rotor configuration","Available on request / To be confirmed by COWIN engineering","Obtain supplier-approved model data before public numeric publication"
"hecs-type-eddy-current-metal-sorting-machine","HECS Type Eddy Current Metal Sorting Machine","Eddy-current separator","Belt width","Available on request / To be confirmed by COWIN engineering","Obtain supplier-approved model data before public numeric publication"
"hecs-type-eddy-current-metal-sorting-machine","HECS Type Eddy Current Metal Sorting Machine","Eddy-current separator","Feed particle size","Available on request / To be confirmed by COWIN engineering","Obtain supplier-approved model data before public numeric publication"
"hecs-type-eddy-current-metal-sorting-machine","HECS Type Eddy Current Metal Sorting Machine","Eddy-current separator","Process capacity","Available on request / To be confirmed by COWIN engineering","Obtain supplier-approved model data before public numeric publication"
"hecs-type-eddy-current-metal-sorting-machine","HECS Type Eddy Current Metal Sorting Machine","Eddy-current separator","Splitter adjustment","Available on request / To be confirmed by COWIN engineering","Obtain supplier-approved model data before public numeric publication"
"hecs-type-eddy-current-metal-sorting-machine","HECS Type Eddy Current Metal Sorting Machine","Eddy-current separator","Rotor speed","Available on request / To be confirmed by COWIN engineering","Obtain supplier-approved model data before public numeric publication"
"hecs-type-eddy-current-metal-sorting-machine","HECS Type Eddy Current Metal Sorting Machine","Eddy-current separator","Power","Available on request / To be confirmed by COWIN engineering","Obtain supplier-approved model data before public numeric publication"
"hecs-type-eddy-current-metal-sorting-machine","HECS Type Eddy Current Metal Sorting Machine","Eddy-current separator","Weight","Available on request / To be confirmed by COWIN engineering","Obtain supplier-approved model data before public numeric publication"
"drum-magnet","Drum Magnet","Industrial magnetic-process auxiliary equipment","Model / series","Available on request / To be confirmed by COWIN engineering","Obtain supplier-approved model data before public numeric publication"
"drum-magnet","Drum Magnet","Industrial magnetic-process auxiliary equipment","Application duty","Available on request / To be confirmed by COWIN engineering","Obtain supplier-approved model data before public numeric publication"
"drum-magnet","Drum Magnet","Industrial magnetic-process auxiliary equipment","Installation interface","Available on request / To be confirmed by COWIN engineering","Obtain supplier-approved model data before public numeric publication"
"drum-magnet","Drum Magnet","Industrial magnetic-process auxiliary equipment","Operating condition","Available on request / To be confirmed by COWIN engineering","Obtain supplier-approved model data before public numeric publication"
"drum-magnet","Drum Magnet","Industrial magnetic-process auxiliary equipment","Power supply where applicable","Available on request / To be confirmed by COWIN engineering","Obtain supplier-approved model data before public numeric publication"
"drum-magnet","Drum Magnet","Industrial magnetic-process auxiliary equipment","Overall dimensions","Available on request / To be confirmed by COWIN engineering","Obtain supplier-approved model data before public numeric publication"
"drum-magnet","Drum Magnet","Industrial magnetic-process auxiliary equipment","Weight","Available on request / To be confirmed by COWIN engineering","Obtain supplier-approved model data before public numeric publication"
"eccentric-eddy-current-separator","Eccentric Eddy Current Separator","Eddy-current separator","Model / series","Available on request / To be confirmed by COWIN engineering","Obtain supplier-approved model data before public numeric publication"
"eccentric-eddy-current-separator","Eccentric Eddy Current Separator","Eddy-current separator","Rotor configuration","Available on request / To be confirmed by COWIN engineering","Obtain supplier-approved model data before public numeric publication"
"eccentric-eddy-current-separator","Eccentric Eddy Current Separator","Eddy-current separator","Belt width","Available on request / To be confirmed by COWIN engineering","Obtain supplier-approved model data before public numeric publication"
"eccentric-eddy-current-separator","Eccentric Eddy Current Separator","Eddy-current separator","Feed particle size","Available on request / To be confirmed by COWIN engineering","Obtain supplier-approved model data before public numeric publication"
"eccentric-eddy-current-separator","Eccentric Eddy Current Separator","Eddy-current separator","Process capacity","Available on request / To be confirmed by COWIN engineering","Obtain supplier-approved model data before public numeric publication"
"eccentric-eddy-current-separator","Eccentric Eddy Current Separator","Eddy-current separator","Splitter adjustment","Available on request / To be confirmed by COWIN engineering","Obtain supplier-approved model data before public numeric publication"
"eccentric-eddy-current-separator","Eccentric Eddy Current Separator","Eddy-current separator","Rotor speed","Available on request / To be confirmed by COWIN engineering","Obtain supplier-approved model data before public numeric publication"
"eccentric-eddy-current-separator","Eccentric Eddy Current Separator","Eddy-current separator","Power","Available on request / To be confirmed by COWIN engineering","Obtain supplier-approved model data before public numeric publication"
"eccentric-eddy-current-separator","Eccentric Eddy Current Separator","Eddy-current separator","Weight","Available on request / To be confirmed by COWIN engineering","Obtain supplier-approved model data before public numeric publication"
"electromagnet-separator","Electromagnet Separator","Industrial magnetic-process auxiliary equipment","Model / series","Available on request / To be confirmed by COWIN engineering","Obtain supplier-approved model data before public numeric publication"
"electromagnet-separator","Electromagnet Separator","Industrial magnetic-process auxiliary equipment","Application duty","Available on request / To be confirmed by COWIN engineering","Obtain supplier-approved model data before public numeric publication"
"electromagnet-separator","Electromagnet Separator","Industrial magnetic-process auxiliary equipment","Installation interface","Available on request / To be confirmed by COWIN engineering","Obtain supplier-approved model data before public numeric publication"
"electromagnet-separator","Electromagnet Separator","Industrial magnetic-process auxiliary equipment","Operating condition","Available on request / To be confirmed by COWIN engineering","Obtain supplier-approved model data before public numeric publication"
"electromagnet-separator","Electromagnet Separator","Industrial magnetic-process auxiliary equipment","Power supply where applicable","Available on request / To be confirmed by COWIN engineering","Obtain supplier-approved model data before public numeric publication"
"electromagnet-separator","Electromagnet Separator","Industrial magnetic-process auxiliary equipment","Overall dimensions","Available on request / To be confirmed by COWIN engineering","Obtain supplier-approved model data before public numeric publication"
"electromagnet-separator","Electromagnet Separator","Industrial magnetic-process auxiliary equipment","Weight","Available on request / To be confirmed by COWIN engineering","Obtain supplier-approved model data before public numeric publication"
"magnetic-head-pulley","Magnetic Head Pulley","Industrial magnetic-process auxiliary equipment","Model / series","Available on request / To be confirmed by COWIN engineering","Obtain supplier-approved model data before public numeric publication"
"magnetic-head-pulley","Magnetic Head Pulley","Industrial magnetic-process auxiliary equipment","Application duty","Available on request / To be confirmed by COWIN engineering","Obtain supplier-approved model data before public numeric publication"
"magnetic-head-pulley","Magnetic Head Pulley","Industrial magnetic-process auxiliary equipment","Installation interface","Available on request / To be confirmed by COWIN engineering","Obtain supplier-approved model data before public numeric publication"
"magnetic-head-pulley","Magnetic Head Pulley","Industrial magnetic-process auxiliary equipment","Operating condition","Available on request / To be confirmed by COWIN engineering","Obtain supplier-approved model data before public numeric publication"
"magnetic-head-pulley","Magnetic Head Pulley","Industrial magnetic-process auxiliary equipment","Power supply where applicable","Available on request / To be confirmed by COWIN engineering","Obtain supplier-approved model data before public numeric publication"
"magnetic-head-pulley","Magnetic Head Pulley","Industrial magnetic-process auxiliary equipment","Overall dimensions","Available on request / To be confirmed by COWIN engineering","Obtain supplier-approved model data before public numeric publication"
"magnetic-head-pulley","Magnetic Head Pulley","Industrial magnetic-process auxiliary equipment","Weight","Available on request / To be confirmed by COWIN engineering","Obtain supplier-approved model data before public numeric publication"
"stainless-steel-separation-conveyor","Stainless Steel Separation Conveyor","Industrial magnetic-process auxiliary equipment","Model / series","Available on request / To be confirmed by COWIN engineering","Obtain supplier-approved model data before public numeric publication"
"stainless-steel-separation-conveyor","Stainless Steel Separation Conveyor","Industrial magnetic-process auxiliary equipment","Application duty","Available on request / To be confirmed by COWIN engineering","Obtain supplier-approved model data before public numeric publication"
"stainless-steel-separation-conveyor","Stainless Steel Separation Conveyor","Industrial magnetic-process auxiliary equipment","Installation interface","Available on request / To be confirmed by COWIN engineering","Obtain supplier-approved model data before public numeric publication"
"stainless-steel-separation-conveyor","Stainless Steel Separation Conveyor","Industrial magnetic-process auxiliary equipment","Operating condition","Available on request / To be confirmed by COWIN engineering","Obtain supplier-approved model data before public numeric publication"
"stainless-steel-separation-conveyor","Stainless Steel Separation Conveyor","Industrial magnetic-process auxiliary equipment","Power supply where applicable","Available on request / To be confirmed by COWIN engineering","Obtain supplier-approved model data before public numeric publication"
"stainless-steel-separation-conveyor","Stainless Steel Separation Conveyor","Industrial magnetic-process auxiliary equipment","Overall dimensions","Available on request / To be confirmed by COWIN engineering","Obtain supplier-approved model data before public numeric publication"
"stainless-steel-separation-conveyor","Stainless Steel Separation Conveyor","Industrial magnetic-process auxiliary equipment","Weight","Available on request / To be confirmed by COWIN engineering","Obtain supplier-approved model data before public numeric publication"
"cbs-drawer-type-magnetic-filter","CBS Drawer Type Magnetic Filter","Magnetic filter or separator component","Model / series","Available on request / To be confirmed by COWIN engineering","Obtain supplier-approved model data before public numeric publication"
"cbs-drawer-type-magnetic-filter","CBS Drawer Type Magnetic Filter","Magnetic filter or separator component","Opening or pipe connection","Available on request / To be confirmed by COWIN engineering","Obtain supplier-approved model data before public numeric publication"
"cbs-drawer-type-magnetic-filter","CBS Drawer Type Magnetic Filter","Magnetic filter or separator component","Magnetic element arrangement","Available on request / To be confirmed by COWIN engineering","Obtain supplier-approved model data before public numeric publication"
"cbs-drawer-type-magnetic-filter","CBS Drawer Type Magnetic Filter","Magnetic filter or separator component","Material of construction","Available on request / To be confirmed by COWIN engineering","Obtain supplier-approved model data before public numeric publication"
"cbs-drawer-type-magnetic-filter","CBS Drawer Type Magnetic Filter","Magnetic filter or separator component","Flow or pressure condition","Available on request / To be confirmed by COWIN engineering","Obtain supplier-approved model data before public numeric publication"
"cbs-drawer-type-magnetic-filter","CBS Drawer Type Magnetic Filter","Magnetic filter or separator component","Temperature condition","Available on request / To be confirmed by COWIN engineering","Obtain supplier-approved model data before public numeric publication"
"cbs-drawer-type-magnetic-filter","CBS Drawer Type Magnetic Filter","Magnetic filter or separator component","Cleaning method","Available on request / To be confirmed by COWIN engineering","Obtain supplier-approved model data before public numeric publication"
"cbs-drawer-type-magnetic-filter","CBS Drawer Type Magnetic Filter","Magnetic filter or separator component","Weight","Available on request / To be confirmed by COWIN engineering","Obtain supplier-approved model data before public numeric publication"
"clc-type-wet-slot-magnetic-filter","CLC Type Wet Slot Magnetic Filter","Magnetic filter or separator component","Model / series","Available on request / To be confirmed by COWIN engineering","Obtain supplier-approved model data before public numeric publication"
"clc-type-wet-slot-magnetic-filter","CLC Type Wet Slot Magnetic Filter","Magnetic filter or separator component","Opening or pipe connection","Available on request / To be confirmed by COWIN engineering","Obtain supplier-approved model data before public numeric publication"
"clc-type-wet-slot-magnetic-filter","CLC Type Wet Slot Magnetic Filter","Magnetic filter or separator component","Magnetic element arrangement","Available on request / To be confirmed by COWIN engineering","Obtain supplier-approved model data before public numeric publication"
"clc-type-wet-slot-magnetic-filter","CLC Type Wet Slot Magnetic Filter","Magnetic filter or separator component","Material of construction","Available on request / To be confirmed by COWIN engineering","Obtain supplier-approved model data before public numeric publication"
"clc-type-wet-slot-magnetic-filter","CLC Type Wet Slot Magnetic Filter","Magnetic filter or separator component","Flow or pressure condition","Available on request / To be confirmed by COWIN engineering","Obtain supplier-approved model data before public numeric publication"
"clc-type-wet-slot-magnetic-filter","CLC Type Wet Slot Magnetic Filter","Magnetic filter or separator component","Temperature condition","Available on request / To be confirmed by COWIN engineering","Obtain supplier-approved model data before public numeric publication"
"clc-type-wet-slot-magnetic-filter","CLC Type Wet Slot Magnetic Filter","Magnetic filter or separator component","Cleaning method","Available on request / To be confirmed by COWIN engineering","Obtain supplier-approved model data before public numeric publication"
"clc-type-wet-slot-magnetic-filter","CLC Type Wet Slot Magnetic Filter","Magnetic filter or separator component","Weight","Available on request / To be confirmed by COWIN engineering","Obtain supplier-approved model data before public numeric publication"
"ctq-type-roller-automatic-magnetic-separator","CTQ Type Roller Automatic Magnetic Separator","Dry magnetic separator","Model / series","Available on request / To be confirmed by COWIN engineering","Obtain supplier-approved model data before public numeric publication"
"ctq-type-roller-automatic-magnetic-separator","CTQ Type Roller Automatic Magnetic Separator","Dry magnetic separator","Magnetic circuit","Available on request / To be confirmed by COWIN engineering","Obtain supplier-approved model data before public numeric publication"
"ctq-type-roller-automatic-magnetic-separator","CTQ Type Roller Automatic Magnetic Separator","Dry magnetic separator","Feed particle size","Available on request / To be confirmed by COWIN engineering","Obtain supplier-approved model data before public numeric publication"
"ctq-type-roller-automatic-magnetic-separator","CTQ Type Roller Automatic Magnetic Separator","Dry magnetic separator","Feed moisture","Available on request / To be confirmed by COWIN engineering","Obtain supplier-approved model data before public numeric publication"
"ctq-type-roller-automatic-magnetic-separator","CTQ Type Roller Automatic Magnetic Separator","Dry magnetic separator","Process capacity","Available on request / To be confirmed by COWIN engineering","Obtain supplier-approved model data before public numeric publication"
"ctq-type-roller-automatic-magnetic-separator","CTQ Type Roller Automatic Magnetic Separator","Dry magnetic separator","Feed arrangement","Available on request / To be confirmed by COWIN engineering","Obtain supplier-approved model data before public numeric publication"
"ctq-type-roller-automatic-magnetic-separator","CTQ Type Roller Automatic Magnetic Separator","Dry magnetic separator","Power","Available on request / To be confirmed by COWIN engineering","Obtain supplier-approved model data before public numeric publication"
"ctq-type-roller-automatic-magnetic-separator","CTQ Type Roller Automatic Magnetic Separator","Dry magnetic separator","Weight","Available on request / To be confirmed by COWIN engineering","Obtain supplier-approved model data before public numeric publication"
"cyg-wet-pipeline-magnetic-filter","CYG Wet Pipeline Magnetic Filter","Magnetic filter or separator component","Model / series","Available on request / To be confirmed by COWIN engineering","Obtain supplier-approved model data before public numeric publication"
"cyg-wet-pipeline-magnetic-filter","CYG Wet Pipeline Magnetic Filter","Magnetic filter or separator component","Opening or pipe connection","Available on request / To be confirmed by COWIN engineering","Obtain supplier-approved model data before public numeric publication"
"cyg-wet-pipeline-magnetic-filter","CYG Wet Pipeline Magnetic Filter","Magnetic filter or separator component","Magnetic element arrangement","Available on request / To be confirmed by COWIN engineering","Obtain supplier-approved model data before public numeric publication"
"cyg-wet-pipeline-magnetic-filter","CYG Wet Pipeline Magnetic Filter","Magnetic filter or separator component","Material of construction","Available on request / To be confirmed by COWIN engineering","Obtain supplier-approved model data before public numeric publication"
"cyg-wet-pipeline-magnetic-filter","CYG Wet Pipeline Magnetic Filter","Magnetic filter or separator component","Flow or pressure condition","Available on request / To be confirmed by COWIN engineering","Obtain supplier-approved model data before public numeric publication"
"cyg-wet-pipeline-magnetic-filter","CYG Wet Pipeline Magnetic Filter","Magnetic filter or separator component","Temperature condition","Available on request / To be confirmed by COWIN engineering","Obtain supplier-approved model data before public numeric publication"
"cyg-wet-pipeline-magnetic-filter","CYG Wet Pipeline Magnetic Filter","Magnetic filter or separator component","Cleaning method","Available on request / To be confirmed by COWIN engineering","Obtain supplier-approved model data before public numeric publication"
"cyg-wet-pipeline-magnetic-filter","CYG Wet Pipeline Magnetic Filter","Magnetic filter or separator component","Weight","Available on request / To be confirmed by COWIN engineering","Obtain supplier-approved model data before public numeric publication"
"rcyz-type-pipeline-magnetic-filter","RCYZ Type Pipeline Magnetic Filter","Magnetic filter or separator component","Model / series","Available on request / To be confirmed by COWIN engineering","Obtain supplier-approved model data before public numeric publication"
"rcyz-type-pipeline-magnetic-filter","RCYZ Type Pipeline Magnetic Filter","Magnetic filter or separator component","Opening or pipe connection","Available on request / To be confirmed by COWIN engineering","Obtain supplier-approved model data before public numeric publication"
"rcyz-type-pipeline-magnetic-filter","RCYZ Type Pipeline Magnetic Filter","Magnetic filter or separator component","Magnetic element arrangement","Available on request / To be confirmed by COWIN engineering","Obtain supplier-approved model data before public numeric publication"
"rcyz-type-pipeline-magnetic-filter","RCYZ Type Pipeline Magnetic Filter","Magnetic filter or separator component","Material of construction","Available on request / To be confirmed by COWIN engineering","Obtain supplier-approved model data before public numeric publication"
"rcyz-type-pipeline-magnetic-filter","RCYZ Type Pipeline Magnetic Filter","Magnetic filter or separator component","Flow or pressure condition","Available on request / To be confirmed by COWIN engineering","Obtain supplier-approved model data before public numeric publication"
"rcyz-type-pipeline-magnetic-filter","RCYZ Type Pipeline Magnetic Filter","Magnetic filter or separator component","Temperature condition","Available on request / To be confirmed by COWIN engineering","Obtain supplier-approved model data before public numeric publication"
"rcyz-type-pipeline-magnetic-filter","RCYZ Type Pipeline Magnetic Filter","Magnetic filter or separator component","Cleaning method","Available on request / To be confirmed by COWIN engineering","Obtain supplier-approved model data before public numeric publication"
"rcyz-type-pipeline-magnetic-filter","RCYZ Type Pipeline Magnetic Filter","Magnetic filter or separator component","Weight","Available on request / To be confirmed by COWIN engineering","Obtain supplier-approved model data before public numeric publication"
"clc-type-slot-magnetic-filter","CLC Type Slot Magnetic Filter","Magnetic filter or separator component","Model / series","Available on request / To be confirmed by COWIN engineering","Obtain supplier-approved model data before public numeric publication"
"clc-type-slot-magnetic-filter","CLC Type Slot Magnetic Filter","Magnetic filter or separator component","Opening or pipe connection","Available on request / To be confirmed by COWIN engineering","Obtain supplier-approved model data before public numeric publication"
"clc-type-slot-magnetic-filter","CLC Type Slot Magnetic Filter","Magnetic filter or separator component","Magnetic element arrangement","Available on request / To be confirmed by COWIN engineering","Obtain supplier-approved model data before public numeric publication"
"clc-type-slot-magnetic-filter","CLC Type Slot Magnetic Filter","Magnetic filter or separator component","Material of construction","Available on request / To be confirmed by COWIN engineering","Obtain supplier-approved model data before public numeric publication"
"clc-type-slot-magnetic-filter","CLC Type Slot Magnetic Filter","Magnetic filter or separator component","Flow or pressure condition","Available on request / To be confirmed by COWIN engineering","Obtain supplier-approved model data before public numeric publication"
"clc-type-slot-magnetic-filter","CLC Type Slot Magnetic Filter","Magnetic filter or separator component","Temperature condition","Available on request / To be confirmed by COWIN engineering","Obtain supplier-approved model data before public numeric publication"
"clc-type-slot-magnetic-filter","CLC Type Slot Magnetic Filter","Magnetic filter or separator component","Cleaning method","Available on request / To be confirmed by COWIN engineering","Obtain supplier-approved model data before public numeric publication"
"clc-type-slot-magnetic-filter","CLC Type Slot Magnetic Filter","Magnetic filter or separator component","Weight","Available on request / To be confirmed by COWIN engineering","Obtain supplier-approved model data before public numeric publication"
"dhd-type-roller-type-automatic-magnetic-separator","DHD Type Roller Type Automatic Magnetic Separator","Dry magnetic separator","Model / series","Available on request / To be confirmed by COWIN engineering","Obtain supplier-approved model data before public numeric publication"
"dhd-type-roller-type-automatic-magnetic-separator","DHD Type Roller Type Automatic Magnetic Separator","Dry magnetic separator","Magnetic circuit","Available on request / To be confirmed by COWIN engineering","Obtain supplier-approved model data before public numeric publication"
"dhd-type-roller-type-automatic-magnetic-separator","DHD Type Roller Type Automatic Magnetic Separator","Dry magnetic separator","Feed particle size","Available on request / To be confirmed by COWIN engineering","Obtain supplier-approved model data before public numeric publication"
"dhd-type-roller-type-automatic-magnetic-separator","DHD Type Roller Type Automatic Magnetic Separator","Dry magnetic separator","Feed moisture","Available on request / To be confirmed by COWIN engineering","Obtain supplier-approved model data before public numeric publication"
"dhd-type-roller-type-automatic-magnetic-separator","DHD Type Roller Type Automatic Magnetic Separator","Dry magnetic separator","Process capacity","Available on request / To be confirmed by COWIN engineering","Obtain supplier-approved model data before public numeric publication"
"dhd-type-roller-type-automatic-magnetic-separator","DHD Type Roller Type Automatic Magnetic Separator","Dry magnetic separator","Feed arrangement","Available on request / To be confirmed by COWIN engineering","Obtain supplier-approved model data before public numeric publication"
"dhd-type-roller-type-automatic-magnetic-separator","DHD Type Roller Type Automatic Magnetic Separator","Dry magnetic separator","Power","Available on request / To be confirmed by COWIN engineering","Obtain supplier-approved model data before public numeric publication"
"dhd-type-roller-type-automatic-magnetic-separator","DHD Type Roller Type Automatic Magnetic Separator","Dry magnetic separator","Weight","Available on request / To be confirmed by COWIN engineering","Obtain supplier-approved model data before public numeric publication"
"dhj-type-strong-roller-automatic-magnetic-separator","DHJ Type Strong Roller Automatic Magnetic Separator","Dry magnetic separator","Model / series","Available on request / To be confirmed by COWIN engineering","Obtain supplier-approved model data before public numeric publication"
"dhj-type-strong-roller-automatic-magnetic-separator","DHJ Type Strong Roller Automatic Magnetic Separator","Dry magnetic separator","Magnetic circuit","Available on request / To be confirmed by COWIN engineering","Obtain supplier-approved model data before public numeric publication"
"dhj-type-strong-roller-automatic-magnetic-separator","DHJ Type Strong Roller Automatic Magnetic Separator","Dry magnetic separator","Feed particle size","Available on request / To be confirmed by COWIN engineering","Obtain supplier-approved model data before public numeric publication"
"dhj-type-strong-roller-automatic-magnetic-separator","DHJ Type Strong Roller Automatic Magnetic Separator","Dry magnetic separator","Feed moisture","Available on request / To be confirmed by COWIN engineering","Obtain supplier-approved model data before public numeric publication"
"dhj-type-strong-roller-automatic-magnetic-separator","DHJ Type Strong Roller Automatic Magnetic Separator","Dry magnetic separator","Process capacity","Available on request / To be confirmed by COWIN engineering","Obtain supplier-approved model data before public numeric publication"
"dhj-type-strong-roller-automatic-magnetic-separator","DHJ Type Strong Roller Automatic Magnetic Separator","Dry magnetic separator","Feed arrangement","Available on request / To be confirmed by COWIN engineering","Obtain supplier-approved model data before public numeric publication"
"dhj-type-strong-roller-automatic-magnetic-separator","DHJ Type Strong Roller Automatic Magnetic Separator","Dry magnetic separator","Power","Available on request / To be confirmed by COWIN engineering","Obtain supplier-approved model data before public numeric publication"
"dhj-type-strong-roller-automatic-magnetic-separator","DHJ Type Strong Roller Automatic Magnetic Separator","Dry magnetic separator","Weight","Available on request / To be confirmed by COWIN engineering","Obtain supplier-approved model data before public numeric publication"
"qcg-wet-roller-magnetic-separator","QCG Wet Roller Magnetic Separator","Industrial magnetic-process auxiliary equipment","Model / series","Available on request / To be confirmed by COWIN engineering","Obtain supplier-approved model data before public numeric publication"
"qcg-wet-roller-magnetic-separator","QCG Wet Roller Magnetic Separator","Industrial magnetic-process auxiliary equipment","Application duty","Available on request / To be confirmed by COWIN engineering","Obtain supplier-approved model data before public numeric publication"
"qcg-wet-roller-magnetic-separator","QCG Wet Roller Magnetic Separator","Industrial magnetic-process auxiliary equipment","Installation interface","Available on request / To be confirmed by COWIN engineering","Obtain supplier-approved model data before public numeric publication"
"qcg-wet-roller-magnetic-separator","QCG Wet Roller Magnetic Separator","Industrial magnetic-process auxiliary equipment","Operating condition","Available on request / To be confirmed by COWIN engineering","Obtain supplier-approved model data before public numeric publication"
"qcg-wet-roller-magnetic-separator","QCG Wet Roller Magnetic Separator","Industrial magnetic-process auxiliary equipment","Power supply where applicable","Available on request / To be confirmed by COWIN engineering","Obtain supplier-approved model data before public numeric publication"
"qcg-wet-roller-magnetic-separator","QCG Wet Roller Magnetic Separator","Industrial magnetic-process auxiliary equipment","Overall dimensions","Available on request / To be confirmed by COWIN engineering","Obtain supplier-approved model data before public numeric publication"
"qcg-wet-roller-magnetic-separator","QCG Wet Roller Magnetic Separator","Industrial magnetic-process auxiliary equipment","Weight","Available on request / To be confirmed by COWIN engineering","Obtain supplier-approved model data before public numeric publication"
"drawer-magnet","Drawer Magnet","Magnetic filter or separator component","Model / series","Available on request / To be confirmed by COWIN engineering","Obtain supplier-approved model data before public numeric publication"
"drawer-magnet","Drawer Magnet","Magnetic filter or separator component","Opening or pipe connection","Available on request / To be confirmed by COWIN engineering","Obtain supplier-approved model data before public numeric publication"
"drawer-magnet","Drawer Magnet","Magnetic filter or separator component","Magnetic element arrangement","Available on request / To be confirmed by COWIN engineering","Obtain supplier-approved model data before public numeric publication"
"drawer-magnet","Drawer Magnet","Magnetic filter or separator component","Material of construction","Available on request / To be confirmed by COWIN engineering","Obtain supplier-approved model data before public numeric publication"
"drawer-magnet","Drawer Magnet","Magnetic filter or separator component","Flow or pressure condition","Available on request / To be confirmed by COWIN engineering","Obtain supplier-approved model data before public numeric publication"
"drawer-magnet","Drawer Magnet","Magnetic filter or separator component","Temperature condition","Available on request / To be confirmed by COWIN engineering","Obtain supplier-approved model data before public numeric publication"
"drawer-magnet","Drawer Magnet","Magnetic filter or separator component","Cleaning method","Available on request / To be confirmed by COWIN engineering","Obtain supplier-approved model data before public numeric publication"
"drawer-magnet","Drawer Magnet","Magnetic filter or separator component","Weight","Available on request / To be confirmed by COWIN engineering","Obtain supplier-approved model data before public numeric publication"
"hump-magnet","Hump Magnet","Magnetic filter or separator component","Model / series","Available on request / To be confirmed by COWIN engineering","Obtain supplier-approved model data before public numeric publication"
"hump-magnet","Hump Magnet","Magnetic filter or separator component","Opening or pipe connection","Available on request / To be confirmed by COWIN engineering","Obtain supplier-approved model data before public numeric publication"
"hump-magnet","Hump Magnet","Magnetic filter or separator component","Magnetic element arrangement","Available on request / To be confirmed by COWIN engineering","Obtain supplier-approved model data before public numeric publication"
"hump-magnet","Hump Magnet","Magnetic filter or separator component","Material of construction","Available on request / To be confirmed by COWIN engineering","Obtain supplier-approved model data before public numeric publication"
"hump-magnet","Hump Magnet","Magnetic filter or separator component","Flow or pressure condition","Available on request / To be confirmed by COWIN engineering","Obtain supplier-approved model data before public numeric publication"
"hump-magnet","Hump Magnet","Magnetic filter or separator component","Temperature condition","Available on request / To be confirmed by COWIN engineering","Obtain supplier-approved model data before public numeric publication"
"hump-magnet","Hump Magnet","Magnetic filter or separator component","Cleaning method","Available on request / To be confirmed by COWIN engineering","Obtain supplier-approved model data before public numeric publication"
"hump-magnet","Hump Magnet","Magnetic filter or separator component","Weight","Available on request / To be confirmed by COWIN engineering","Obtain supplier-approved model data before public numeric publication"
"magnetic-grid","Magnetic Grid","Magnetic filter or separator component","Model / series","Available on request / To be confirmed by COWIN engineering","Obtain supplier-approved model data before public numeric publication"
"magnetic-grid","Magnetic Grid","Magnetic filter or separator component","Opening or pipe connection","Available on request / To be confirmed by COWIN engineering","Obtain supplier-approved model data before public numeric publication"
"magnetic-grid","Magnetic Grid","Magnetic filter or separator component","Magnetic element arrangement","Available on request / To be confirmed by COWIN engineering","Obtain supplier-approved model data before public numeric publication"
"magnetic-grid","Magnetic Grid","Magnetic filter or separator component","Material of construction","Available on request / To be confirmed by COWIN engineering","Obtain supplier-approved model data before public numeric publication"
"magnetic-grid","Magnetic Grid","Magnetic filter or separator component","Flow or pressure condition","Available on request / To be confirmed by COWIN engineering","Obtain supplier-approved model data before public numeric publication"
"magnetic-grid","Magnetic Grid","Magnetic filter or separator component","Temperature condition","Available on request / To be confirmed by COWIN engineering","Obtain supplier-approved model data before public numeric publication"
"magnetic-grid","Magnetic Grid","Magnetic filter or separator component","Cleaning method","Available on request / To be confirmed by COWIN engineering","Obtain supplier-approved model data before public numeric publication"
"magnetic-grid","Magnetic Grid","Magnetic filter or separator component","Weight","Available on request / To be confirmed by COWIN engineering","Obtain supplier-approved model data before public numeric publication"
"magnetic-rod","Magnetic Rod","Magnetic filter or separator component","Model / series","Available on request / To be confirmed by COWIN engineering","Obtain supplier-approved model data before public numeric publication"
"magnetic-rod","Magnetic Rod","Magnetic filter or separator component","Opening or pipe connection","Available on request / To be confirmed by COWIN engineering","Obtain supplier-approved model data before public numeric publication"
"magnetic-rod","Magnetic Rod","Magnetic filter or separator component","Magnetic element arrangement","Available on request / To be confirmed by COWIN engineering","Obtain supplier-approved model data before public numeric publication"
"magnetic-rod","Magnetic Rod","Magnetic filter or separator component","Material of construction","Available on request / To be confirmed by COWIN engineering","Obtain supplier-approved model data before public numeric publication"
"magnetic-rod","Magnetic Rod","Magnetic filter or separator component","Flow or pressure condition","Available on request / To be confirmed by COWIN engineering","Obtain supplier-approved model data before public numeric publication"
"magnetic-rod","Magnetic Rod","Magnetic filter or separator component","Temperature condition","Available on request / To be confirmed by COWIN engineering","Obtain supplier-approved model data before public numeric publication"
"magnetic-rod","Magnetic Rod","Magnetic filter or separator component","Cleaning method","Available on request / To be confirmed by COWIN engineering","Obtain supplier-approved model data before public numeric publication"
"magnetic-rod","Magnetic Rod","Magnetic filter or separator component","Weight","Available on request / To be confirmed by COWIN engineering","Obtain supplier-approved model data before public numeric publication"
"magnetic-trap","Magnetic Trap","Magnetic filter or separator component","Model / series","Available on request / To be confirmed by COWIN engineering","Obtain supplier-approved model data before public numeric publication"
"magnetic-trap","Magnetic Trap","Magnetic filter or separator component","Opening or pipe connection","Available on request / To be confirmed by COWIN engineering","Obtain supplier-approved model data before public numeric publication"
"magnetic-trap","Magnetic Trap","Magnetic filter or separator component","Magnetic element arrangement","Available on request / To be confirmed by COWIN engineering","Obtain supplier-approved model data before public numeric publication"
"magnetic-trap","Magnetic Trap","Magnetic filter or separator component","Material of construction","Available on request / To be confirmed by COWIN engineering","Obtain supplier-approved model data before public numeric publication"
"magnetic-trap","Magnetic Trap","Magnetic filter or separator component","Flow or pressure condition","Available on request / To be confirmed by COWIN engineering","Obtain supplier-approved model data before public numeric publication"
"magnetic-trap","Magnetic Trap","Magnetic filter or separator component","Temperature condition","Available on request / To be confirmed by COWIN engineering","Obtain supplier-approved model data before public numeric publication"
"magnetic-trap","Magnetic Trap","Magnetic filter or separator component","Cleaning method","Available on request / To be confirmed by COWIN engineering","Obtain supplier-approved model data before public numeric publication"
"magnetic-trap","Magnetic Trap","Magnetic filter or separator component","Weight","Available on request / To be confirmed by COWIN engineering","Obtain supplier-approved model data before public numeric publication"
"rotary-pipe-magnet","Rotary Pipe Magnet","Magnetic filter or separator component","Model / series","Available on request / To be confirmed by COWIN engineering","Obtain supplier-approved model data before public numeric publication"
"rotary-pipe-magnet","Rotary Pipe Magnet","Magnetic filter or separator component","Opening or pipe connection","Available on request / To be confirmed by COWIN engineering","Obtain supplier-approved model data before public numeric publication"
"rotary-pipe-magnet","Rotary Pipe Magnet","Magnetic filter or separator component","Magnetic element arrangement","Available on request / To be confirmed by COWIN engineering","Obtain supplier-approved model data before public numeric publication"
"rotary-pipe-magnet","Rotary Pipe Magnet","Magnetic filter or separator component","Material of construction","Available on request / To be confirmed by COWIN engineering","Obtain supplier-approved model data before public numeric publication"
"rotary-pipe-magnet","Rotary Pipe Magnet","Magnetic filter or separator component","Flow or pressure condition","Available on request / To be confirmed by COWIN engineering","Obtain supplier-approved model data before public numeric publication"
"rotary-pipe-magnet","Rotary Pipe Magnet","Magnetic filter or separator component","Temperature condition","Available on request / To be confirmed by COWIN engineering","Obtain supplier-approved model data before public numeric publication"
"rotary-pipe-magnet","Rotary Pipe Magnet","Magnetic filter or separator component","Cleaning method","Available on request / To be confirmed by COWIN engineering","Obtain supplier-approved model data before public numeric publication"
"rotary-pipe-magnet","Rotary Pipe Magnet","Magnetic filter or separator component","Weight","Available on request / To be confirmed by COWIN engineering","Obtain supplier-approved model data before public numeric publication"
"permanent-filter-bar-magnetic-neodymium-rod","Permanent Magnetic Filter Bar (Neodymium Rod)","Magnetic filter or separator component","Model / series","Available on request / To be confirmed by COWIN engineering","Obtain supplier-approved model data before public numeric publication"
"permanent-filter-bar-magnetic-neodymium-rod","Permanent Magnetic Filter Bar (Neodymium Rod)","Magnetic filter or separator component","Opening or pipe connection","Available on request / To be confirmed by COWIN engineering","Obtain supplier-approved model data before public numeric publication"
"permanent-filter-bar-magnetic-neodymium-rod","Permanent Magnetic Filter Bar (Neodymium Rod)","Magnetic filter or separator component","Magnetic element arrangement","Available on request / To be confirmed by COWIN engineering","Obtain supplier-approved model data before public numeric publication"
"permanent-filter-bar-magnetic-neodymium-rod","Permanent Magnetic Filter Bar (Neodymium Rod)","Magnetic filter or separator component","Material of construction","Available on request / To be confirmed by COWIN engineering","Obtain supplier-approved model data before public numeric publication"
"permanent-filter-bar-magnetic-neodymium-rod","Permanent Magnetic Filter Bar (Neodymium Rod)","Magnetic filter or separator component","Flow or pressure condition","Available on request / To be confirmed by COWIN engineering","Obtain supplier-approved model data before public numeric publication"
"permanent-filter-bar-magnetic-neodymium-rod","Permanent Magnetic Filter Bar (Neodymium Rod)","Magnetic filter or separator component","Temperature condition","Available on request / To be confirmed by COWIN engineering","Obtain supplier-approved model data before public numeric publication"
"permanent-filter-bar-magnetic-neodymium-rod","Permanent Magnetic Filter Bar (Neodymium Rod)","Magnetic filter or separator component","Cleaning method","Available on request / To be confirmed by COWIN engineering","Obtain supplier-approved model data before public numeric publication"
"permanent-filter-bar-magnetic-neodymium-rod","Permanent Magnetic Filter Bar (Neodymium Rod)","Magnetic filter or separator component","Weight","Available on request / To be confirmed by COWIN engineering","Obtain supplier-approved model data before public numeric publication"
"high-frequency-screen","High Frequency Screen","Industrial magnetic-process auxiliary equipment","Model / series","Available on request / To be confirmed by COWIN engineering","Obtain supplier-approved model data before public numeric publication"
"high-frequency-screen","High Frequency Screen","Industrial magnetic-process auxiliary equipment","Application duty","Available on request / To be confirmed by COWIN engineering","Obtain supplier-approved model data before public numeric publication"
"high-frequency-screen","High Frequency Screen","Industrial magnetic-process auxiliary equipment","Installation interface","Available on request / To be confirmed by COWIN engineering","Obtain supplier-approved model data before public numeric publication"
"high-frequency-screen","High Frequency Screen","Industrial magnetic-process auxiliary equipment","Operating condition","Available on request / To be confirmed by COWIN engineering","Obtain supplier-approved model data before public numeric publication"
"high-frequency-screen","High Frequency Screen","Industrial magnetic-process auxiliary equipment","Power supply where applicable","Available on request / To be confirmed by COWIN engineering","Obtain supplier-approved model data before public numeric publication"
"high-frequency-screen","High Frequency Screen","Industrial magnetic-process auxiliary equipment","Overall dimensions","Available on request / To be confirmed by COWIN engineering","Obtain supplier-approved model data before public numeric publication"
"high-frequency-screen","High Frequency Screen","Industrial magnetic-process auxiliary equipment","Weight","Available on request / To be confirmed by COWIN engineering","Obtain supplier-approved model data before public numeric publication"
"kgla-series-rectifier-control-box","KGLA Series Rectifier Control Box","Industrial magnetic-process auxiliary equipment","Model / series","Available on request / To be confirmed by COWIN engineering","Obtain supplier-approved model data before public numeric publication"
"kgla-series-rectifier-control-box","KGLA Series Rectifier Control Box","Industrial magnetic-process auxiliary equipment","Application duty","Available on request / To be confirmed by COWIN engineering","Obtain supplier-approved model data before public numeric publication"
"kgla-series-rectifier-control-box","KGLA Series Rectifier Control Box","Industrial magnetic-process auxiliary equipment","Installation interface","Available on request / To be confirmed by COWIN engineering","Obtain supplier-approved model data before public numeric publication"
"kgla-series-rectifier-control-box","KGLA Series Rectifier Control Box","Industrial magnetic-process auxiliary equipment","Operating condition","Available on request / To be confirmed by COWIN engineering","Obtain supplier-approved model data before public numeric publication"
"kgla-series-rectifier-control-box","KGLA Series Rectifier Control Box","Industrial magnetic-process auxiliary equipment","Power supply where applicable","Available on request / To be confirmed by COWIN engineering","Obtain supplier-approved model data before public numeric publication"
"kgla-series-rectifier-control-box","KGLA Series Rectifier Control Box","Industrial magnetic-process auxiliary equipment","Overall dimensions","Available on request / To be confirmed by COWIN engineering","Obtain supplier-approved model data before public numeric publication"
"kgla-series-rectifier-control-box","KGLA Series Rectifier Control Box","Industrial magnetic-process auxiliary equipment","Weight","Available on request / To be confirmed by COWIN engineering","Obtain supplier-approved model data before public numeric publication"
"kxb-mining-explosion-proof-electromagnetic-iron-remover-control-box","KXB Mining Explosion-Proof Electromagnetic Iron Remover Control Box","Industrial magnetic-process auxiliary equipment","Model / series","Available on request / To be confirmed by COWIN engineering","Obtain supplier-approved model data before public numeric publication"
"kxb-mining-explosion-proof-electromagnetic-iron-remover-control-box","KXB Mining Explosion-Proof Electromagnetic Iron Remover Control Box","Industrial magnetic-process auxiliary equipment","Application duty","Available on request / To be confirmed by COWIN engineering","Obtain supplier-approved model data before public numeric publication"
"kxb-mining-explosion-proof-electromagnetic-iron-remover-control-box","KXB Mining Explosion-Proof Electromagnetic Iron Remover Control Box","Industrial magnetic-process auxiliary equipment","Installation interface","Available on request / To be confirmed by COWIN engineering","Obtain supplier-approved model data before public numeric publication"
"kxb-mining-explosion-proof-electromagnetic-iron-remover-control-box","KXB Mining Explosion-Proof Electromagnetic Iron Remover Control Box","Industrial magnetic-process auxiliary equipment","Operating condition","Available on request / To be confirmed by COWIN engineering","Obtain supplier-approved model data before public numeric publication"
"kxb-mining-explosion-proof-electromagnetic-iron-remover-control-box","KXB Mining Explosion-Proof Electromagnetic Iron Remover Control Box","Industrial magnetic-process auxiliary equipment","Power supply where applicable","Available on request / To be confirmed by COWIN engineering","Obtain supplier-approved model data before public numeric publication"
"kxb-mining-explosion-proof-electromagnetic-iron-remover-control-box","KXB Mining Explosion-Proof Electromagnetic Iron Remover Control Box","Industrial magnetic-process auxiliary equipment","Overall dimensions","Available on request / To be confirmed by COWIN engineering","Obtain supplier-approved model data before public numeric publication"
"kxb-mining-explosion-proof-electromagnetic-iron-remover-control-box","KXB Mining Explosion-Proof Electromagnetic Iron Remover Control Box","Industrial magnetic-process auxiliary equipment","Weight","Available on request / To be confirmed by COWIN engineering","Obtain supplier-approved model data before public numeric publication"
"qjz-mining-explosion-proof-permanent-magnet-iron-remover-control-box","QJZ Mining Explosion-Proof Permanent Magnet Iron Remover Control Box","Industrial magnetic-process auxiliary equipment","Model / series","Available on request / To be confirmed by COWIN engineering","Obtain supplier-approved model data before public numeric publication"
"qjz-mining-explosion-proof-permanent-magnet-iron-remover-control-box","QJZ Mining Explosion-Proof Permanent Magnet Iron Remover Control Box","Industrial magnetic-process auxiliary equipment","Application duty","Available on request / To be confirmed by COWIN engineering","Obtain supplier-approved model data before public numeric publication"
"qjz-mining-explosion-proof-permanent-magnet-iron-remover-control-box","QJZ Mining Explosion-Proof Permanent Magnet Iron Remover Control Box","Industrial magnetic-process auxiliary equipment","Installation interface","Available on request / To be confirmed by COWIN engineering","Obtain supplier-approved model data before public numeric publication"
"qjz-mining-explosion-proof-permanent-magnet-iron-remover-control-box","QJZ Mining Explosion-Proof Permanent Magnet Iron Remover Control Box","Industrial magnetic-process auxiliary equipment","Operating condition","Available on request / To be confirmed by COWIN engineering","Obtain supplier-approved model data before public numeric publication"
"qjz-mining-explosion-proof-permanent-magnet-iron-remover-control-box","QJZ Mining Explosion-Proof Permanent Magnet Iron Remover Control Box","Industrial magnetic-process auxiliary equipment","Power supply where applicable","Available on request / To be confirmed by COWIN engineering","Obtain supplier-approved model data before public numeric publication"
"qjz-mining-explosion-proof-permanent-magnet-iron-remover-control-box","QJZ Mining Explosion-Proof Permanent Magnet Iron Remover Control Box","Industrial magnetic-process auxiliary equipment","Overall dimensions","Available on request / To be confirmed by COWIN engineering","Obtain supplier-approved model data before public numeric publication"
"qjz-mining-explosion-proof-permanent-magnet-iron-remover-control-box","QJZ Mining Explosion-Proof Permanent Magnet Iron Remover Control Box","Industrial magnetic-process auxiliary equipment","Weight","Available on request / To be confirmed by COWIN engineering","Obtain supplier-approved model data before public numeric publication"
"rbcdb-explosion-proof-disc-type-electromagnetic-iron-remover","RBCDB Explosion-Proof Disc-Type Electromagnetic Iron Remover","Electromagnetic suspended separator","Model / series","Available on request / To be confirmed by COWIN engineering","Obtain supplier-approved model data before public numeric publication"
"rbcdb-explosion-proof-disc-type-electromagnetic-iron-remover","RBCDB Explosion-Proof Disc-Type Electromagnetic Iron Remover","Electromagnetic suspended separator","Input power","Available on request / To be confirmed by COWIN engineering","Obtain supplier-approved model data before public numeric publication"
"rbcdb-explosion-proof-disc-type-electromagnetic-iron-remover","RBCDB Explosion-Proof Disc-Type Electromagnetic Iron Remover","Electromagnetic suspended separator","Cooling configuration","Available on request / To be confirmed by COWIN engineering","Obtain supplier-approved model data before public numeric publication"
"rbcdb-explosion-proof-disc-type-electromagnetic-iron-remover","RBCDB Explosion-Proof Disc-Type Electromagnetic Iron Remover","Electromagnetic suspended separator","Duty cycle","Available on request / To be confirmed by COWIN engineering","Obtain supplier-approved model data before public numeric publication"
"rbcdb-explosion-proof-disc-type-electromagnetic-iron-remover","RBCDB Explosion-Proof Disc-Type Electromagnetic Iron Remover","Electromagnetic suspended separator","Insulation and protection","Available on request / To be confirmed by COWIN engineering","Obtain supplier-approved model data before public numeric publication"
"rbcdb-explosion-proof-disc-type-electromagnetic-iron-remover","RBCDB Explosion-Proof Disc-Type Electromagnetic Iron Remover","Electromagnetic suspended separator","Recommended suspension height","Available on request / To be confirmed by COWIN engineering","Obtain supplier-approved model data before public numeric publication"
"rbcdb-explosion-proof-disc-type-electromagnetic-iron-remover","RBCDB Explosion-Proof Disc-Type Electromagnetic Iron Remover","Electromagnetic suspended separator","Control arrangement","Available on request / To be confirmed by COWIN engineering","Obtain supplier-approved model data before public numeric publication"
"rbcdb-explosion-proof-disc-type-electromagnetic-iron-remover","RBCDB Explosion-Proof Disc-Type Electromagnetic Iron Remover","Electromagnetic suspended separator","Overall dimensions","Available on request / To be confirmed by COWIN engineering","Obtain supplier-approved model data before public numeric publication"
"rbcdb-explosion-proof-disc-type-electromagnetic-iron-remover","RBCDB Explosion-Proof Disc-Type Electromagnetic Iron Remover","Electromagnetic suspended separator","Weight","Available on request / To be confirmed by COWIN engineering","Obtain supplier-approved model data before public numeric publication"
"rbcdd-explosion-proof-electromagnetic-self-dumping-iron-remover","RBCDD Explosion-Proof Electromagnetic Self-Dumping Iron Remover","Permanent self-cleaning iron remover","Model / series","Available on request / To be confirmed by COWIN engineering","Obtain supplier-approved model data before public numeric publication"
"rbcdd-explosion-proof-electromagnetic-self-dumping-iron-remover","RBCDD Explosion-Proof Electromagnetic Self-Dumping Iron Remover","Permanent self-cleaning iron remover","Suitable belt width","Available on request / To be confirmed by COWIN engineering","Obtain supplier-approved model data before public numeric publication"
"rbcdd-explosion-proof-electromagnetic-self-dumping-iron-remover","RBCDD Explosion-Proof Electromagnetic Self-Dumping Iron Remover","Permanent self-cleaning iron remover","Recommended suspension height","Available on request / To be confirmed by COWIN engineering","Obtain supplier-approved model data before public numeric publication"
"rbcdd-explosion-proof-electromagnetic-self-dumping-iron-remover","RBCDD Explosion-Proof Electromagnetic Self-Dumping Iron Remover","Permanent self-cleaning iron remover","Material burden depth","Available on request / To be confirmed by COWIN engineering","Obtain supplier-approved model data before public numeric publication"
"rbcdd-explosion-proof-electromagnetic-self-dumping-iron-remover","RBCDD Explosion-Proof Electromagnetic Self-Dumping Iron Remover","Permanent self-cleaning iron remover","Magnetic circuit","Available on request / To be confirmed by COWIN engineering","Obtain supplier-approved model data before public numeric publication"
"rbcdd-explosion-proof-electromagnetic-self-dumping-iron-remover","RBCDD Explosion-Proof Electromagnetic Self-Dumping Iron Remover","Permanent self-cleaning iron remover","Discharge belt arrangement","Available on request / To be confirmed by COWIN engineering","Obtain supplier-approved model data before public numeric publication"
"rbcdd-explosion-proof-electromagnetic-self-dumping-iron-remover","RBCDD Explosion-Proof Electromagnetic Self-Dumping Iron Remover","Permanent self-cleaning iron remover","Drive configuration","Available on request / To be confirmed by COWIN engineering","Obtain supplier-approved model data before public numeric publication"
"rbcdd-explosion-proof-electromagnetic-self-dumping-iron-remover","RBCDD Explosion-Proof Electromagnetic Self-Dumping Iron Remover","Permanent self-cleaning iron remover","Belt speed","Available on request / To be confirmed by COWIN engineering","Obtain supplier-approved model data before public numeric publication"
"rbcdd-explosion-proof-electromagnetic-self-dumping-iron-remover","RBCDD Explosion-Proof Electromagnetic Self-Dumping Iron Remover","Permanent self-cleaning iron remover","Iron discharge direction","Available on request / To be confirmed by COWIN engineering","Obtain supplier-approved model data before public numeric publication"
"rbcdd-explosion-proof-electromagnetic-self-dumping-iron-remover","RBCDD Explosion-Proof Electromagnetic Self-Dumping Iron Remover","Permanent self-cleaning iron remover","Overall dimensions","Available on request / To be confirmed by COWIN engineering","Obtain supplier-approved model data before public numeric publication"
"rbcdd-explosion-proof-electromagnetic-self-dumping-iron-remover","RBCDD Explosion-Proof Electromagnetic Self-Dumping Iron Remover","Permanent self-cleaning iron remover","Weight","Available on request / To be confirmed by COWIN engineering","Obtain supplier-approved model data before public numeric publication"
"rbcyd-explosion-proof-permanent-magnet-self-dumping-iron-remover","RBCYD Explosion-Proof Permanent Magnet Self-Dumping Iron Remover","Permanent self-cleaning iron remover","Model / series","Available on request / To be confirmed by COWIN engineering","Obtain supplier-approved model data before public numeric publication"
"rbcyd-explosion-proof-permanent-magnet-self-dumping-iron-remover","RBCYD Explosion-Proof Permanent Magnet Self-Dumping Iron Remover","Permanent self-cleaning iron remover","Suitable belt width","Available on request / To be confirmed by COWIN engineering","Obtain supplier-approved model data before public numeric publication"
"rbcyd-explosion-proof-permanent-magnet-self-dumping-iron-remover","RBCYD Explosion-Proof Permanent Magnet Self-Dumping Iron Remover","Permanent self-cleaning iron remover","Recommended suspension height","Available on request / To be confirmed by COWIN engineering","Obtain supplier-approved model data before public numeric publication"
"rbcyd-explosion-proof-permanent-magnet-self-dumping-iron-remover","RBCYD Explosion-Proof Permanent Magnet Self-Dumping Iron Remover","Permanent self-cleaning iron remover","Material burden depth","Available on request / To be confirmed by COWIN engineering","Obtain supplier-approved model data before public numeric publication"
"rbcyd-explosion-proof-permanent-magnet-self-dumping-iron-remover","RBCYD Explosion-Proof Permanent Magnet Self-Dumping Iron Remover","Permanent self-cleaning iron remover","Magnetic circuit","Available on request / To be confirmed by COWIN engineering","Obtain supplier-approved model data before public numeric publication"
"rbcyd-explosion-proof-permanent-magnet-self-dumping-iron-remover","RBCYD Explosion-Proof Permanent Magnet Self-Dumping Iron Remover","Permanent self-cleaning iron remover","Discharge belt arrangement","Available on request / To be confirmed by COWIN engineering","Obtain supplier-approved model data before public numeric publication"
"rbcyd-explosion-proof-permanent-magnet-self-dumping-iron-remover","RBCYD Explosion-Proof Permanent Magnet Self-Dumping Iron Remover","Permanent self-cleaning iron remover","Drive configuration","Available on request / To be confirmed by COWIN engineering","Obtain supplier-approved model data before public numeric publication"
"rbcyd-explosion-proof-permanent-magnet-self-dumping-iron-remover","RBCYD Explosion-Proof Permanent Magnet Self-Dumping Iron Remover","Permanent self-cleaning iron remover","Belt speed","Available on request / To be confirmed by COWIN engineering","Obtain supplier-approved model data before public numeric publication"
"rbcyd-explosion-proof-permanent-magnet-self-dumping-iron-remover","RBCYD Explosion-Proof Permanent Magnet Self-Dumping Iron Remover","Permanent self-cleaning iron remover","Iron discharge direction","Available on request / To be confirmed by COWIN engineering","Obtain supplier-approved model data before public numeric publication"
"rbcyd-explosion-proof-permanent-magnet-self-dumping-iron-remover","RBCYD Explosion-Proof Permanent Magnet Self-Dumping Iron Remover","Permanent self-cleaning iron remover","Overall dimensions","Available on request / To be confirmed by COWIN engineering","Obtain supplier-approved model data before public numeric publication"
"rbcyd-explosion-proof-permanent-magnet-self-dumping-iron-remover","RBCYD Explosion-Proof Permanent Magnet Self-Dumping Iron Remover","Permanent self-cleaning iron remover","Weight","Available on request / To be confirmed by COWIN engineering","Obtain supplier-approved model data before public numeric publication"
