"productSlug","productName","productFamily","requiredField","source","status"
"cbs-drawer-type-magnetic-filter","CBS drawer type magnetic filter","magnetic-filter-or-component","correct product family and working principle","data/products/products.json","needs COWIN engineering confirmation"
"cbs-drawer-type-magnetic-filter","CBS drawer type magnetic filter","magnetic-filter-or-component","confirmed model/series drawing","data/products/products.json","needs COWIN engineering confirmation"
"cbs-drawer-type-magnetic-filter","CBS drawer type magnetic filter","magnetic-filter-or-component","application-specific dimensions","data/products/products.json","needs COWIN engineering confirmation"
"cbs-drawer-type-magnetic-filter","CBS drawer type magnetic filter","magnetic-filter-or-component","approved performance values","data/products/products.json","needs COWIN engineering confirmation"
"cbs-drawer-type-magnetic-filter","CBS drawer type magnetic filter","magnetic-filter-or-component","verified options and exclusions","data/products/products.json","needs COWIN engineering confirmation"
"cbs-drawer-type-magnetic-filter","CBS drawer type magnetic filter","magnetic-filter-or-component","reviewer approval","data/products/products.json","needs COWIN engineering confirmation"
"clc-type-slot-magnetic-filter","CLC type slot magnetic filter","magnetic-filter-or-component","correct product family and working principle","data/products/products.json","needs COWIN engineering confirmation"
"clc-type-slot-magnetic-filter","CLC type slot magnetic filter","magnetic-filter-or-component","confirmed model/series drawing","data/products/products.json","needs COWIN engineering confirmation"
"clc-type-slot-magnetic-filter","CLC type slot magnetic filter","magnetic-filter-or-component","application-specific dimensions","data/products/products.json","needs COWIN engineering confirmation"
"clc-type-slot-magnetic-filter","CLC type slot magnetic filter","magnetic-filter-or-component","approved performance values","data/products/products.json","needs COWIN engineering confirmation"
"clc-type-slot-magnetic-filter","CLC type slot magnetic filter","magnetic-filter-or-component","verified options and exclusions","data/products/products.json","needs COWIN engineering confirmation"
"clc-type-slot-magnetic-filter","CLC type slot magnetic filter","magnetic-filter-or-component","reviewer approval","data/products/products.json","needs COWIN engineering confirmation"
"clc-type-wet-slot-magnetic-filter","CLC type wet slot magnetic filter","magnetic-filter-or-component","correct product family and working principle","data/products/products.json","needs COWIN engineering confirmation"
"clc-type-wet-slot-magnetic-filter","CLC type wet slot magnetic filter","magnetic-filter-or-component","confirmed model/series drawing","data/products/products.json","needs COWIN engineering confirmation"
"clc-type-wet-slot-magnetic-filter","CLC type wet slot magnetic filter","magnetic-filter-or-component","application-specific dimensions","data/products/products.json","needs COWIN engineering confirmation"
"clc-type-wet-slot-magnetic-filter","CLC type wet slot magnetic filter","magnetic-filter-or-component","approved performance values","data/products/products.json","needs COWIN engineering confirmation"
"clc-type-wet-slot-magnetic-filter","CLC type wet slot magnetic filter","magnetic-filter-or-component","verified options and exclusions","data/products/products.json","needs COWIN engineering confirmation"
"clc-type-wet-slot-magnetic-filter","CLC type wet slot magnetic filter","magnetic-filter-or-component","reviewer approval","data/products/products.json","needs COWIN engineering confirmation"
"cyg-wet-pipeline-magnetic-filter","CYG wet pipeline magnetic filter","magnetic-filter-or-component","correct product family and working principle","data/products/products.json","needs COWIN engineering confirmation"
"cyg-wet-pipeline-magnetic-filter","CYG wet pipeline magnetic filter","magnetic-filter-or-component","confirmed model/series drawing","data/products/products.json","needs COWIN engineering confirmation"
"cyg-wet-pipeline-magnetic-filter","CYG wet pipeline magnetic filter","magnetic-filter-or-component","application-specific dimensions","data/products/products.json","needs COWIN engineering confirmation"
"cyg-wet-pipeline-magnetic-filter","CYG wet pipeline magnetic filter","magnetic-filter-or-component","approved performance values","data/products/products.json","needs COWIN engineering confirmation"
"cyg-wet-pipeline-magnetic-filter","CYG wet pipeline magnetic filter","magnetic-filter-or-component","verified options and exclusions","data/products/products.json","needs COWIN engineering confirmation"
"cyg-wet-pipeline-magnetic-filter","CYG wet pipeline magnetic filter","magnetic-filter-or-component","reviewer approval","data/products/products.json","needs COWIN engineering confirmation"
"drawer-magnet","Drawer Magnet","magnetic-filter-or-component","correct product family and working principle","data/products/products.json","needs COWIN engineering confirmation"
"drawer-magnet","Drawer Magnet","magnetic-filter-or-component","confirmed model/series drawing","data/products/products.json","needs COWIN engineering confirmation"
"drawer-magnet","Drawer Magnet","magnetic-filter-or-component","application-specific dimensions","data/products/products.json","needs COWIN engineering confirmation"
"drawer-magnet","Drawer Magnet","magnetic-filter-or-component","approved performance values","data/products/products.json","needs COWIN engineering confirmation"
"drawer-magnet","Drawer Magnet","magnetic-filter-or-component","verified options and exclusions","data/products/products.json","needs COWIN engineering confirmation"
"drawer-magnet","Drawer Magnet","magnetic-filter-or-component","reviewer approval","data/products/products.json","needs COWIN engineering confirmation"
"hump-magnet","Hump Magnet","magnetic-filter-or-component","correct product family and working principle","data/products/products.json","needs COWIN engineering confirmation"
"hump-magnet","Hump Magnet","magnetic-filter-or-component","confirmed model/series drawing","data/products/products.json","needs COWIN engineering confirmation"
"hump-magnet","Hump Magnet","magnetic-filter-or-component","application-specific dimensions","data/products/products.json","needs COWIN engineering confirmation"
"hump-magnet","Hump Magnet","magnetic-filter-or-component","approved performance values","data/products/products.json","needs COWIN engineering confirmation"
"hump-magnet","Hump Magnet","magnetic-filter-or-component","verified options and exclusions","data/products/products.json","needs COWIN engineering confirmation"
"hump-magnet","Hump Magnet","magnetic-filter-or-component","reviewer approval","data/products/products.json","needs COWIN engineering confirmation"
"magnetic-grid","Magnetic Grid","magnetic-filter-or-component","correct product family and working principle","data/products/products.json","needs COWIN engineering confirmation"
"magnetic-grid","Magnetic Grid","magnetic-filter-or-component","confirmed model/series drawing","data/products/products.json","needs COWIN engineering confirmation"
"magnetic-grid","Magnetic Grid","magnetic-filter-or-component","application-specific dimensions","data/products/products.json","needs COWIN engineering confirmation"
"magnetic-grid","Magnetic Grid","magnetic-filter-or-component","approved performance values","data/products/products.json","needs COWIN engineering confirmation"
"magnetic-grid","Magnetic Grid","magnetic-filter-or-component","verified options and exclusions","data/products/products.json","needs COWIN engineering confirmation"
"magnetic-grid","Magnetic Grid","magnetic-filter-or-component","reviewer approval","data/products/products.json","needs COWIN engineering confirmation"
"magnetic-rod","Magnetic Rod","magnetic-filter-or-component","correct product family and working principle","data/products/products.json","needs COWIN engineering confirmation"
"magnetic-rod","Magnetic Rod","magnetic-filter-or-component","confirmed model/series drawing","data/products/products.json","needs COWIN engineering confirmation"
"magnetic-rod","Magnetic Rod","magnetic-filter-or-component","application-specific dimensions","data/products/products.json","needs COWIN engineering confirmation"
"magnetic-rod","Magnetic Rod","magnetic-filter-or-component","approved performance values","data/products/products.json","needs COWIN engineering confirmation"
"magnetic-rod","Magnetic Rod","magnetic-filter-or-component","verified options and exclusions","data/products/products.json","needs COWIN engineering confirmation"
"magnetic-rod","Magnetic Rod","magnetic-filter-or-component","reviewer approval","data/products/products.json","needs COWIN engineering confirmation"
"magnetic-trap","Magnetic Trap","magnetic-filter-or-component","correct product family and working principle","data/products/products.json","needs COWIN engineering confirmation"
"magnetic-trap","Magnetic Trap","magnetic-filter-or-component","confirmed model/series drawing","data/products/products.json","needs COWIN engineering confirmation"
"magnetic-trap","Magnetic Trap","magnetic-filter-or-component","application-specific dimensions","data/products/products.json","needs COWIN engineering confirmation"
"magnetic-trap","Magnetic Trap","magnetic-filter-or-component","approved performance values","data/products/products.json","needs COWIN engineering confirmation"
"magnetic-trap","Magnetic Trap","magnetic-filter-or-component","verified options and exclusions","data/products/products.json","needs COWIN engineering confirmation"
"magnetic-trap","Magnetic Trap","magnetic-filter-or-component","reviewer approval","data/products/products.json","needs COWIN engineering confirmation"
"permanent-filter-bar-magnetic-neodymium-rod","Strong 6000-16000 Gauss Iron Absorbing Permanent Filter Bar Magnetic Neodymium Rod","magnetic-filter-or-component","correct product family and working principle","data/products/products.json","needs COWIN engineering confirmation"
"permanent-filter-bar-magnetic-neodymium-rod","Strong 6000-16000 Gauss Iron Absorbing Permanent Filter Bar Magnetic Neodymium Rod","magnetic-filter-or-component","confirmed model/series drawing","data/products/products.json","needs COWIN engineering confirmation"
"permanent-filter-bar-magnetic-neodymium-rod","Strong 6000-16000 Gauss Iron Absorbing Permanent Filter Bar Magnetic Neodymium Rod","magnetic-filter-or-component","application-specific dimensions","data/products/products.json","needs COWIN engineering confirmation"
"permanent-filter-bar-magnetic-neodymium-rod","Strong 6000-16000 Gauss Iron Absorbing Permanent Filter Bar Magnetic Neodymium Rod","magnetic-filter-or-component","approved performance values","data/products/products.json","needs COWIN engineering confirmation"
"permanent-filter-bar-magnetic-neodymium-rod","Strong 6000-16000 Gauss Iron Absorbing Permanent Filter Bar Magnetic Neodymium Rod","magnetic-filter-or-component","verified options and exclusions","data/products/products.json","needs COWIN engineering confirmation"
"permanent-filter-bar-magnetic-neodymium-rod","Strong 6000-16000 Gauss Iron Absorbing Permanent Filter Bar Magnetic Neodymium Rod","magnetic-filter-or-component","reviewer approval","data/products/products.json","needs COWIN engineering confirmation"
"rcyz-type-pipeline-magnetic-filter","RCYZ type pipeline magnetic filter","magnetic-filter-or-component","correct product family and working principle","data/products/products.json","needs COWIN engineering confirmation"
"rcyz-type-pipeline-magnetic-filter","RCYZ type pipeline magnetic filter","magnetic-filter-or-component","confirmed model/series drawing","data/products/products.json","needs COWIN engineering confirmation"
"rcyz-type-pipeline-magnetic-filter","RCYZ type pipeline magnetic filter","magnetic-filter-or-component","application-specific dimensions","data/products/products.json","needs COWIN engineering confirmation"
"rcyz-type-pipeline-magnetic-filter","RCYZ type pipeline magnetic filter","magnetic-filter-or-component","approved performance values","data/products/products.json","needs COWIN engineering confirmation"
"rcyz-type-pipeline-magnetic-filter","RCYZ type pipeline magnetic filter","magnetic-filter-or-component","verified options and exclusions","data/products/products.json","needs COWIN engineering confirmation"
"rcyz-type-pipeline-magnetic-filter","RCYZ type pipeline magnetic filter","magnetic-filter-or-component","reviewer approval","data/products/products.json","needs COWIN engineering confirmation"
"rotary-pipe-magnet","Rotary Pipe Magnet","magnetic-filter-or-component","correct product family and working principle","data/products/products.json","needs COWIN engineering confirmation"
"rotary-pipe-magnet","Rotary Pipe Magnet","magnetic-filter-or-component","confirmed model/series drawing","data/products/products.json","needs COWIN engineering confirmation"
"rotary-pipe-magnet","Rotary Pipe Magnet","magnetic-filter-or-component","application-specific dimensions","data/products/products.json","needs COWIN engineering confirmation"
"rotary-pipe-magnet","Rotary Pipe Magnet","magnetic-filter-or-component","approved performance values","data/products/products.json","needs COWIN engineering confirmation"
"rotary-pipe-magnet","Rotary Pipe Magnet","magnetic-filter-or-component","verified options and exclusions","data/products/products.json","needs COWIN engineering confirmation"
"rotary-pipe-magnet","Rotary Pipe Magnet","magnetic-filter-or-component","reviewer approval","data/products/products.json","needs COWIN engineering confirmation"
"belt-high-gradient-magnetic-separator","Belt High Gradient Magnetic Separator","unclassified-product-family","correct product family and working principle","data/products/products.json","needs COWIN engineering confirmation"
"belt-high-gradient-magnetic-separator","Belt High Gradient Magnetic Separator","unclassified-product-family","confirmed model/series drawing","data/products/products.json","needs COWIN engineering confirmation"
"belt-high-gradient-magnetic-separator","Belt High Gradient Magnetic Separator","unclassified-product-family","application-specific dimensions","data/products/products.json","needs COWIN engineering confirmation"
"belt-high-gradient-magnetic-separator","Belt High Gradient Magnetic Separator","unclassified-product-family","approved performance values","data/products/products.json","needs COWIN engineering confirmation"
"belt-high-gradient-magnetic-separator","Belt High Gradient Magnetic Separator","unclassified-product-family","verified options and exclusions","data/products/products.json","needs COWIN engineering confirmation"
"belt-high-gradient-magnetic-separator","Belt High Gradient Magnetic Separator","unclassified-product-family","reviewer approval","data/products/products.json","needs COWIN engineering confirmation"
"cbz-type-rotary-automatic-magnetic-separator","CBZ type rotary automatic magnetic separator","unclassified-product-family","correct product family and working principle","data/products/products.json","needs COWIN engineering confirmation"
"cbz-type-rotary-automatic-magnetic-separator","CBZ type rotary automatic magnetic separator","unclassified-product-family","confirmed model/series drawing","data/products/products.json","needs COWIN engineering confirmation"
"cbz-type-rotary-automatic-magnetic-separator","CBZ type rotary automatic magnetic separator","unclassified-product-family","application-specific dimensions","data/products/products.json","needs COWIN engineering confirmation"
"cbz-type-rotary-automatic-magnetic-separator","CBZ type rotary automatic magnetic separator","unclassified-product-family","approved performance values","data/products/products.json","needs COWIN engineering confirmation"
"cbz-type-rotary-automatic-magnetic-separator","CBZ type rotary automatic magnetic separator","unclassified-product-family","verified options and exclusions","data/products/products.json","needs COWIN engineering confirmation"
"cbz-type-rotary-automatic-magnetic-separator","CBZ type rotary automatic magnetic separator","unclassified-product-family","reviewer approval","data/products/products.json","needs COWIN engineering confirmation"
"cgb-type-rotary-semi-automatic-magnetic-separator","CGB type rotary semi-automatic magnetic separator","magnetic-filter-or-component","correct product family and working principle","data/products/products.json","needs COWIN engineering confirmation"
"cgb-type-rotary-semi-automatic-magnetic-separator","CGB type rotary semi-automatic magnetic separator","magnetic-filter-or-component","confirmed model/series drawing","data/products/products.json","needs COWIN engineering confirmation"
"cgb-type-rotary-semi-automatic-magnetic-separator","CGB type rotary semi-automatic magnetic separator","magnetic-filter-or-component","application-specific dimensions","data/products/products.json","needs COWIN engineering confirmation"
"cgb-type-rotary-semi-automatic-magnetic-separator","CGB type rotary semi-automatic magnetic separator","magnetic-filter-or-component","approved performance values","data/products/products.json","needs COWIN engineering confirmation"
"cgb-type-rotary-semi-automatic-magnetic-separator","CGB type rotary semi-automatic magnetic separator","magnetic-filter-or-component","verified options and exclusions","data/products/products.json","needs COWIN engineering confirmation"
"cgb-type-rotary-semi-automatic-magnetic-separator","CGB type rotary semi-automatic magnetic separator","magnetic-filter-or-component","reviewer approval","data/products/products.json","needs COWIN engineering confirmation"
"cgt-type-super-strong-full-magnetic-drum","CGT type super strong full magnetic drum","wet-drum-or-wet-magnetic-separator","drum diameter and length","data/products/products.json","needs COWIN engineering confirmation"
"cgt-type-super-strong-full-magnetic-drum","CGT type super strong full magnetic drum","wet-drum-or-wet-magnetic-separator","tank type","data/products/products.json","needs COWIN engineering confirmation"
"cgt-type-super-strong-full-magnetic-drum","CGT type super strong full magnetic drum","wet-drum-or-wet-magnetic-separator","slurry and particle-size range","data/products/products.json","needs COWIN engineering confirmation"
"cgt-type-super-strong-full-magnetic-drum","CGT type super strong full magnetic drum","wet-drum-or-wet-magnetic-separator","confirmed model/series drawing","data/products/products.json","needs COWIN engineering confirmation"
"cgt-type-super-strong-full-magnetic-drum","CGT type super strong full magnetic drum","wet-drum-or-wet-magnetic-separator","application-specific dimensions","data/products/products.json","needs COWIN engineering confirmation"
"cgt-type-super-strong-full-magnetic-drum","CGT type super strong full magnetic drum","wet-drum-or-wet-magnetic-separator","approved performance values","data/products/products.json","needs COWIN engineering confirmation"
"cgt-type-super-strong-full-magnetic-drum","CGT type super strong full magnetic drum","wet-drum-or-wet-magnetic-separator","verified options and exclusions","data/products/products.json","needs COWIN engineering confirmation"
"cgt-type-super-strong-full-magnetic-drum","CGT type super strong full magnetic drum","wet-drum-or-wet-magnetic-separator","reviewer approval","data/products/products.json","needs COWIN engineering confirmation"
"clt-type-magnetic-desliming-tank","CLT type magnetic desliming tank","unclassified-product-family","correct product family and working principle","data/products/products.json","needs COWIN engineering confirmation"
"clt-type-magnetic-desliming-tank","CLT type magnetic desliming tank","unclassified-product-family","confirmed model/series drawing","data/products/products.json","needs COWIN engineering confirmation"
"clt-type-magnetic-desliming-tank","CLT type magnetic desliming tank","unclassified-product-family","application-specific dimensions","data/products/products.json","needs COWIN engineering confirmation"
"clt-type-magnetic-desliming-tank","CLT type magnetic desliming tank","unclassified-product-family","approved performance values","data/products/products.json","needs COWIN engineering confirmation"
"clt-type-magnetic-desliming-tank","CLT type magnetic desliming tank","unclassified-product-family","verified options and exclusions","data/products/products.json","needs COWIN engineering confirmation"
"clt-type-magnetic-desliming-tank","CLT type magnetic desliming tank","unclassified-product-family","reviewer approval","data/products/products.json","needs COWIN engineering confirmation"
"cqz-type-fully-automatic-online-magnetic-separation","CQZ type fully automatic online magnetic separation","magnetic-filter-or-component","correct product family and working principle","data/products/products.json","needs COWIN engineering confirmation"
"cqz-type-fully-automatic-online-magnetic-separation","CQZ type fully automatic online magnetic separation","magnetic-filter-or-component","confirmed model/series drawing","data/products/products.json","needs COWIN engineering confirmation"
"cqz-type-fully-automatic-online-magnetic-separation","CQZ type fully automatic online magnetic separation","magnetic-filter-or-component","application-specific dimensions","data/products/products.json","needs COWIN engineering confirmation"
"cqz-type-fully-automatic-online-magnetic-separation","CQZ type fully automatic online magnetic separation","magnetic-filter-or-component","approved performance values","data/products/products.json","needs COWIN engineering confirmation"
"cqz-type-fully-automatic-online-magnetic-separation","CQZ type fully automatic online magnetic separation","magnetic-filter-or-component","verified options and exclusions","data/products/products.json","needs COWIN engineering confirmation"
"cqz-type-fully-automatic-online-magnetic-separation","CQZ type fully automatic online magnetic separation","magnetic-filter-or-component","reviewer approval","data/products/products.json","needs COWIN engineering confirmation"
"cqz-type-fully-automatic-online-magnetic-separator","CQZ type fully automatic online magnetic separator","magnetic-filter-or-component","correct product family and working principle","data/products/products.json","needs COWIN engineering confirmation"
"cqz-type-fully-automatic-online-magnetic-separator","CQZ type fully automatic online magnetic separator","magnetic-filter-or-component","confirmed model/series drawing","data/products/products.json","needs COWIN engineering confirmation"
"cqz-type-fully-automatic-online-magnetic-separator","CQZ type fully automatic online magnetic separator","magnetic-filter-or-component","application-specific dimensions","data/products/products.json","needs COWIN engineering confirmation"
"cqz-type-fully-automatic-online-magnetic-separator","CQZ type fully automatic online magnetic separator","magnetic-filter-or-component","approved performance values","data/products/products.json","needs COWIN engineering confirmation"
"cqz-type-fully-automatic-online-magnetic-separator","CQZ type fully automatic online magnetic separator","magnetic-filter-or-component","verified options and exclusions","data/products/products.json","needs COWIN engineering confirmation"
"cqz-type-fully-automatic-online-magnetic-separator","CQZ type fully automatic online magnetic separator","magnetic-filter-or-component","reviewer approval","data/products/products.json","needs COWIN engineering confirmation"
"ctb-type-semi-countercurrent-wet-selection-machine","CTB type semi countercurrent wet selection machine","wet-drum-or-wet-magnetic-separator","drum diameter and length","data/products/products.json","needs COWIN engineering confirmation"
"ctb-type-semi-countercurrent-wet-selection-machine","CTB type semi countercurrent wet selection machine","wet-drum-or-wet-magnetic-separator","tank type","data/products/products.json","needs COWIN engineering confirmation"
"ctb-type-semi-countercurrent-wet-selection-machine","CTB type semi countercurrent wet selection machine","wet-drum-or-wet-magnetic-separator","slurry and particle-size range","data/products/products.json","needs COWIN engineering confirmation"
"ctb-type-semi-countercurrent-wet-selection-machine","CTB type semi countercurrent wet selection machine","wet-drum-or-wet-magnetic-separator","confirmed model/series drawing","data/products/products.json","needs COWIN engineering confirmation"
"ctb-type-semi-countercurrent-wet-selection-machine","CTB type semi countercurrent wet selection machine","wet-drum-or-wet-magnetic-separator","application-specific dimensions","data/products/products.json","needs COWIN engineering confirmation"
"ctb-type-semi-countercurrent-wet-selection-machine","CTB type semi countercurrent wet selection machine","wet-drum-or-wet-magnetic-separator","approved performance values","data/products/products.json","needs COWIN engineering confirmation"
"ctb-type-semi-countercurrent-wet-selection-machine","CTB type semi countercurrent wet selection machine","wet-drum-or-wet-magnetic-separator","verified options and exclusions","data/products/products.json","needs COWIN engineering confirmation"
"ctb-type-semi-countercurrent-wet-selection-machine","CTB type semi countercurrent wet selection machine","wet-drum-or-wet-magnetic-separator","reviewer approval","data/products/products.json","needs COWIN engineering confirmation"
"ctb-wet-semi-countercurrent-magnetic-separator","CTB wet semi countercurrent magnetic separator","wet-drum-or-wet-magnetic-separator","drum diameter and length","data/products/products.json","needs COWIN engineering confirmation"
"ctb-wet-semi-countercurrent-magnetic-separator","CTB wet semi countercurrent magnetic separator","wet-drum-or-wet-magnetic-separator","tank type","data/products/products.json","needs COWIN engineering confirmation"
"ctb-wet-semi-countercurrent-magnetic-separator","CTB wet semi countercurrent magnetic separator","wet-drum-or-wet-magnetic-separator","slurry and particle-size range","data/products/products.json","needs COWIN engineering confirmation"
"ctb-wet-semi-countercurrent-magnetic-separator","CTB wet semi countercurrent magnetic separator","wet-drum-or-wet-magnetic-separator","confirmed model/series drawing","data/products/products.json","needs COWIN engineering confirmation"
"ctb-wet-semi-countercurrent-magnetic-separator","CTB wet semi countercurrent magnetic separator","wet-drum-or-wet-magnetic-separator","application-specific dimensions","data/products/products.json","needs COWIN engineering confirmation"
"ctb-wet-semi-countercurrent-magnetic-separator","CTB wet semi countercurrent magnetic separator","wet-drum-or-wet-magnetic-separator","approved performance values","data/products/products.json","needs COWIN engineering confirmation"
"ctb-wet-semi-countercurrent-magnetic-separator","CTB wet semi countercurrent magnetic separator","wet-drum-or-wet-magnetic-separator","verified options and exclusions","data/products/products.json","needs COWIN engineering confirmation"
"ctb-wet-semi-countercurrent-magnetic-separator","CTB wet semi countercurrent magnetic separator","wet-drum-or-wet-magnetic-separator","reviewer approval","data/products/products.json","needs COWIN engineering confirmation"
"ctdg-type-permanent-magnet-bulk-dry-magnetic-separator","CTDG type permanent magnet bulk dry magnetic separator","dry-magnetic-separator","correct product family and working principle","data/products/products.json","needs COWIN engineering confirmation"
"ctdg-type-permanent-magnet-bulk-dry-magnetic-separator","CTDG type permanent magnet bulk dry magnetic separator","dry-magnetic-separator","confirmed model/series drawing","data/products/products.json","needs COWIN engineering confirmation"
"ctdg-type-permanent-magnet-bulk-dry-magnetic-separator","CTDG type permanent magnet bulk dry magnetic separator","dry-magnetic-separator","application-specific dimensions","data/products/products.json","needs COWIN engineering confirmation"
"ctdg-type-permanent-magnet-bulk-dry-magnetic-separator","CTDG type permanent magnet bulk dry magnetic separator","dry-magnetic-separator","approved performance values","data/products/products.json","needs COWIN engineering confirmation"
"ctdg-type-permanent-magnet-bulk-dry-magnetic-separator","CTDG type permanent magnet bulk dry magnetic separator","dry-magnetic-separator","verified options and exclusions","data/products/products.json","needs COWIN engineering confirmation"
"ctdg-type-permanent-magnet-bulk-dry-magnetic-separator","CTDG type permanent magnet bulk dry magnetic separator","dry-magnetic-separator","reviewer approval","data/products/products.json","needs COWIN engineering confirmation"
"ctn-type-full-countercurrent-wet-magnetic-separator","CTN type full countercurrent wet magnetic separator","wet-drum-or-wet-magnetic-separator","drum diameter and length","data/products/products.json","needs COWIN engineering confirmation"
"ctn-type-full-countercurrent-wet-magnetic-separator","CTN type full countercurrent wet magnetic separator","wet-drum-or-wet-magnetic-separator","tank type","data/products/products.json","needs COWIN engineering confirmation"
"ctn-type-full-countercurrent-wet-magnetic-separator","CTN type full countercurrent wet magnetic separator","wet-drum-or-wet-magnetic-separator","slurry and particle-size range","data/products/products.json","needs COWIN engineering confirmation"
"ctn-type-full-countercurrent-wet-magnetic-separator","CTN type full countercurrent wet magnetic separator","wet-drum-or-wet-magnetic-separator","confirmed model/series drawing","data/products/products.json","needs COWIN engineering confirmation"
"ctn-type-full-countercurrent-wet-magnetic-separator","CTN type full countercurrent wet magnetic separator","wet-drum-or-wet-magnetic-separator","application-specific dimensions","data/products/products.json","needs COWIN engineering confirmation"
"ctn-type-full-countercurrent-wet-magnetic-separator","CTN type full countercurrent wet magnetic separator","wet-drum-or-wet-magnetic-separator","approved performance values","data/products/products.json","needs COWIN engineering confirmation"
"ctn-type-full-countercurrent-wet-magnetic-separator","CTN type full countercurrent wet magnetic separator","wet-drum-or-wet-magnetic-separator","verified options and exclusions","data/products/products.json","needs COWIN engineering confirmation"
"ctn-type-full-countercurrent-wet-magnetic-separator","CTN type full countercurrent wet magnetic separator","wet-drum-or-wet-magnetic-separator","reviewer approval","data/products/products.json","needs COWIN engineering confirmation"
"ctn-type-specialized-magnetic-separator-for-coal-washing","CTN type specialized magnetic separator for coal washing","wet-drum-or-wet-magnetic-separator","drum diameter and length","data/products/products.json","needs COWIN engineering confirmation"
"ctn-type-specialized-magnetic-separator-for-coal-washing","CTN type specialized magnetic separator for coal washing","wet-drum-or-wet-magnetic-separator","tank type","data/products/products.json","needs COWIN engineering confirmation"
"ctn-type-specialized-magnetic-separator-for-coal-washing","CTN type specialized magnetic separator for coal washing","wet-drum-or-wet-magnetic-separator","slurry and particle-size range","data/products/products.json","needs COWIN engineering confirmation"
"ctn-type-specialized-magnetic-separator-for-coal-washing","CTN type specialized magnetic separator for coal washing","wet-drum-or-wet-magnetic-separator","confirmed model/series drawing","data/products/products.json","needs COWIN engineering confirmation"
"ctn-type-specialized-magnetic-separator-for-coal-washing","CTN type specialized magnetic separator for coal washing","wet-drum-or-wet-magnetic-separator","application-specific dimensions","data/products/products.json","needs COWIN engineering confirmation"
"ctn-type-specialized-magnetic-separator-for-coal-washing","CTN type specialized magnetic separator for coal washing","wet-drum-or-wet-magnetic-separator","approved performance values","data/products/products.json","needs COWIN engineering confirmation"
"ctn-type-specialized-magnetic-separator-for-coal-washing","CTN type specialized magnetic separator for coal washing","wet-drum-or-wet-magnetic-separator","verified options and exclusions","data/products/products.json","needs COWIN engineering confirmation"
"ctn-type-specialized-magnetic-separator-for-coal-washing","CTN type specialized magnetic separator for coal washing","wet-drum-or-wet-magnetic-separator","reviewer approval","data/products/products.json","needs COWIN engineering confirmation"
"ctn-wet-full-countercurrent-magnetic-separator","CTN wet full countercurrent magnetic separator","wet-drum-or-wet-magnetic-separator","drum diameter and length","data/products/products.json","needs COWIN engineering confirmation"
"ctn-wet-full-countercurrent-magnetic-separator","CTN wet full countercurrent magnetic separator","wet-drum-or-wet-magnetic-separator","tank type","data/products/products.json","needs COWIN engineering confirmation"
"ctn-wet-full-countercurrent-magnetic-separator","CTN wet full countercurrent magnetic separator","wet-drum-or-wet-magnetic-separator","slurry and particle-size range","data/products/products.json","needs COWIN engineering confirmation"
"ctn-wet-full-countercurrent-magnetic-separator","CTN wet full countercurrent magnetic separator","wet-drum-or-wet-magnetic-separator","confirmed model/series drawing","data/products/products.json","needs COWIN engineering confirmation"
"ctn-wet-full-countercurrent-magnetic-separator","CTN wet full countercurrent magnetic separator","wet-drum-or-wet-magnetic-separator","application-specific dimensions","data/products/products.json","needs COWIN engineering confirmation"
"ctn-wet-full-countercurrent-magnetic-separator","CTN wet full countercurrent magnetic separator","wet-drum-or-wet-magnetic-separator","approved performance values","data/products/products.json","needs COWIN engineering confirmation"
"ctn-wet-full-countercurrent-magnetic-separator","CTN wet full countercurrent magnetic separator","wet-drum-or-wet-magnetic-separator","verified options and exclusions","data/products/products.json","needs COWIN engineering confirmation"
"ctn-wet-full-countercurrent-magnetic-separator","CTN wet full countercurrent magnetic separator","wet-drum-or-wet-magnetic-separator","reviewer approval","data/products/products.json","needs COWIN engineering confirmation"
"ctq-type-roller-automatic-magnetic-separator","CTQ type roller automatic magnetic separator","dry-magnetic-separator","correct product family and working principle","data/products/products.json","needs COWIN engineering confirmation"
"ctq-type-roller-automatic-magnetic-separator","CTQ type roller automatic magnetic separator","dry-magnetic-separator","confirmed model/series drawing","data/products/products.json","needs COWIN engineering confirmation"
"ctq-type-roller-automatic-magnetic-separator","CTQ type roller automatic magnetic separator","dry-magnetic-separator","application-specific dimensions","data/products/products.json","needs COWIN engineering confirmation"
"ctq-type-roller-automatic-magnetic-separator","CTQ type roller automatic magnetic separator","dry-magnetic-separator","approved performance values","data/products/products.json","needs COWIN engineering confirmation"
"ctq-type-roller-automatic-magnetic-separator","CTQ type roller automatic magnetic separator","dry-magnetic-separator","verified options and exclusions","data/products/products.json","needs COWIN engineering confirmation"
"ctq-type-roller-automatic-magnetic-separator","CTQ type roller automatic magnetic separator","dry-magnetic-separator","reviewer approval","data/products/products.json","needs COWIN engineering confirmation"
"cts-type-downstream-wet-pre-selection-machine","CTS type downstream wet pre selection machine","wet-drum-or-wet-magnetic-separator","drum diameter and length","data/products/products.json","needs COWIN engineering confirmation"
"cts-type-downstream-wet-pre-selection-machine","CTS type downstream wet pre selection machine","wet-drum-or-wet-magnetic-separator","tank type","data/products/products.json","needs COWIN engineering confirmation"
"cts-type-downstream-wet-pre-selection-machine","CTS type downstream wet pre selection machine","wet-drum-or-wet-magnetic-separator","slurry and particle-size range","data/products/products.json","needs COWIN engineering confirmation"
"cts-type-downstream-wet-pre-selection-machine","CTS type downstream wet pre selection machine","wet-drum-or-wet-magnetic-separator","confirmed model/series drawing","data/products/products.json","needs COWIN engineering confirmation"
"cts-type-downstream-wet-pre-selection-machine","CTS type downstream wet pre selection machine","wet-drum-or-wet-magnetic-separator","application-specific dimensions","data/products/products.json","needs COWIN engineering confirmation"
"cts-type-downstream-wet-pre-selection-machine","CTS type downstream wet pre selection machine","wet-drum-or-wet-magnetic-separator","approved performance values","data/products/products.json","needs COWIN engineering confirmation"
"cts-type-downstream-wet-pre-selection-machine","CTS type downstream wet pre selection machine","wet-drum-or-wet-magnetic-separator","verified options and exclusions","data/products/products.json","needs COWIN engineering confirmation"
"cts-type-downstream-wet-pre-selection-machine","CTS type downstream wet pre selection machine","wet-drum-or-wet-magnetic-separator","reviewer approval","data/products/products.json","needs COWIN engineering confirmation"
"cts-type-wet-co-current-magnetic-separator","CTS type wet co current magnetic separator","wet-drum-or-wet-magnetic-separator","drum diameter and length","data/products/products.json","needs COWIN engineering confirmation"
"cts-type-wet-co-current-magnetic-separator","CTS type wet co current magnetic separator","wet-drum-or-wet-magnetic-separator","tank type","data/products/products.json","needs COWIN engineering confirmation"
"cts-type-wet-co-current-magnetic-separator","CTS type wet co current magnetic separator","wet-drum-or-wet-magnetic-separator","slurry and particle-size range","data/products/products.json","needs COWIN engineering confirmation"
"cts-type-wet-co-current-magnetic-separator","CTS type wet co current magnetic separator","wet-drum-or-wet-magnetic-separator","confirmed model/series drawing","data/products/products.json","needs COWIN engineering confirmation"
"cts-type-wet-co-current-magnetic-separator","CTS type wet co current magnetic separator","wet-drum-or-wet-magnetic-separator","application-specific dimensions","data/products/products.json","needs COWIN engineering confirmation"
"cts-type-wet-co-current-magnetic-separator","CTS type wet co current magnetic separator","wet-drum-or-wet-magnetic-separator","approved performance values","data/products/products.json","needs COWIN engineering confirmation"
"cts-type-wet-co-current-magnetic-separator","CTS type wet co current magnetic separator","wet-drum-or-wet-magnetic-separator","verified options and exclusions","data/products/products.json","needs COWIN engineering confirmation"
"cts-type-wet-co-current-magnetic-separator","CTS type wet co current magnetic separator","wet-drum-or-wet-magnetic-separator","reviewer approval","data/products/products.json","needs COWIN engineering confirmation"
"ctz-type-midfield-strong-semi-magnetic-drum","CTZ type midfield strong semi magnetic drum","wet-drum-or-wet-magnetic-separator","drum diameter and length","data/products/products.json","needs COWIN engineering confirmation"
"ctz-type-midfield-strong-semi-magnetic-drum","CTZ type midfield strong semi magnetic drum","wet-drum-or-wet-magnetic-separator","tank type","data/products/products.json","needs COWIN engineering confirmation"
"ctz-type-midfield-strong-semi-magnetic-drum","CTZ type midfield strong semi magnetic drum","wet-drum-or-wet-magnetic-separator","slurry and particle-size range","data/products/products.json","needs COWIN engineering confirmation"
"ctz-type-midfield-strong-semi-magnetic-drum","CTZ type midfield strong semi magnetic drum","wet-drum-or-wet-magnetic-separator","confirmed model/series drawing","data/products/products.json","needs COWIN engineering confirmation"
"ctz-type-midfield-strong-semi-magnetic-drum","CTZ type midfield strong semi magnetic drum","wet-drum-or-wet-magnetic-separator","application-specific dimensions","data/products/products.json","needs COWIN engineering confirmation"
"ctz-type-midfield-strong-semi-magnetic-drum","CTZ type midfield strong semi magnetic drum","wet-drum-or-wet-magnetic-separator","approved performance values","data/products/products.json","needs COWIN engineering confirmation"
"ctz-type-midfield-strong-semi-magnetic-drum","CTZ type midfield strong semi magnetic drum","wet-drum-or-wet-magnetic-separator","verified options and exclusions","data/products/products.json","needs COWIN engineering confirmation"
"ctz-type-midfield-strong-semi-magnetic-drum","CTZ type midfield strong semi magnetic drum","wet-drum-or-wet-magnetic-separator","reviewer approval","data/products/products.json","needs COWIN engineering confirmation"
"ctzs-type-upward-suction-magnetic-separator","CTZS type upward suction magnetic separator","wet-drum-or-wet-magnetic-separator","drum diameter and length","data/products/products.json","needs COWIN engineering confirmation"
"ctzs-type-upward-suction-magnetic-separator","CTZS type upward suction magnetic separator","wet-drum-or-wet-magnetic-separator","tank type","data/products/products.json","needs COWIN engineering confirmation"
"ctzs-type-upward-suction-magnetic-separator","CTZS type upward suction magnetic separator","wet-drum-or-wet-magnetic-separator","slurry and particle-size range","data/products/products.json","needs COWIN engineering confirmation"
"ctzs-type-upward-suction-magnetic-separator","CTZS type upward suction magnetic separator","wet-drum-or-wet-magnetic-separator","confirmed model/series drawing","data/products/products.json","needs COWIN engineering confirmation"
"ctzs-type-upward-suction-magnetic-separator","CTZS type upward suction magnetic separator","wet-drum-or-wet-magnetic-separator","application-specific dimensions","data/products/products.json","needs COWIN engineering confirmation"
"ctzs-type-upward-suction-magnetic-separator","CTZS type upward suction magnetic separator","wet-drum-or-wet-magnetic-separator","approved performance values","data/products/products.json","needs COWIN engineering confirmation"
"ctzs-type-upward-suction-magnetic-separator","CTZS type upward suction magnetic separator","wet-drum-or-wet-magnetic-separator","verified options and exclusions","data/products/products.json","needs COWIN engineering confirmation"
"ctzs-type-upward-suction-magnetic-separator","CTZS type upward suction magnetic separator","wet-drum-or-wet-magnetic-separator","reviewer approval","data/products/products.json","needs COWIN engineering confirmation"
"cxj-drum-type-automatic-magnetic-separator","CXJ drum type automatic magnetic separator","magnetic-filter-or-component","correct product family and working principle","data/products/products.json","needs COWIN engineering confirmation"
"cxj-drum-type-automatic-magnetic-separator","CXJ drum type automatic magnetic separator","magnetic-filter-or-component","confirmed model/series drawing","data/products/products.json","needs COWIN engineering confirmation"
"cxj-drum-type-automatic-magnetic-separator","CXJ drum type automatic magnetic separator","magnetic-filter-or-component","application-specific dimensions","data/products/products.json","needs COWIN engineering confirmation"
"cxj-drum-type-automatic-magnetic-separator","CXJ drum type automatic magnetic separator","magnetic-filter-or-component","approved performance values","data/products/products.json","needs COWIN engineering confirmation"
"cxj-drum-type-automatic-magnetic-separator","CXJ drum type automatic magnetic separator","magnetic-filter-or-component","verified options and exclusions","data/products/products.json","needs COWIN engineering confirmation"
"cxj-drum-type-automatic-magnetic-separator","CXJ drum type automatic magnetic separator","magnetic-filter-or-component","reviewer approval","data/products/products.json","needs COWIN engineering confirmation"
"dcx-wet-fully-automatic-magnetic-separator","DCX wet fully automatic magnetic separator","wet-drum-or-wet-magnetic-separator","drum diameter and length","data/products/products.json","needs COWIN engineering confirmation"
"dcx-wet-fully-automatic-magnetic-separator","DCX wet fully automatic magnetic separator","wet-drum-or-wet-magnetic-separator","tank type","data/products/products.json","needs COWIN engineering confirmation"
"dcx-wet-fully-automatic-magnetic-separator","DCX wet fully automatic magnetic separator","wet-drum-or-wet-magnetic-separator","slurry and particle-size range","data/products/products.json","needs COWIN engineering confirmation"
"dcx-wet-fully-automatic-magnetic-separator","DCX wet fully automatic magnetic separator","wet-drum-or-wet-magnetic-separator","confirmed model/series drawing","data/products/products.json","needs COWIN engineering confirmation"
"dcx-wet-fully-automatic-magnetic-separator","DCX wet fully automatic magnetic separator","wet-drum-or-wet-magnetic-separator","application-specific dimensions","data/products/products.json","needs COWIN engineering confirmation"
"dcx-wet-fully-automatic-magnetic-separator","DCX wet fully automatic magnetic separator","wet-drum-or-wet-magnetic-separator","approved performance values","data/products/products.json","needs COWIN engineering confirmation"
"dcx-wet-fully-automatic-magnetic-separator","DCX wet fully automatic magnetic separator","wet-drum-or-wet-magnetic-separator","verified options and exclusions","data/products/products.json","needs COWIN engineering confirmation"
"dcx-wet-fully-automatic-magnetic-separator","DCX wet fully automatic magnetic separator","wet-drum-or-wet-magnetic-separator","reviewer approval","data/products/products.json","needs COWIN engineering confirmation"
"dcz-type-dry-fully-automatic-magnetic-separation","DCZ type dry fully automatic magnetic separation","unclassified-product-family","correct product family and working principle","data/products/products.json","needs COWIN engineering confirmation"
"dcz-type-dry-fully-automatic-magnetic-separation","DCZ type dry fully automatic magnetic separation","unclassified-product-family","confirmed model/series drawing","data/products/products.json","needs COWIN engineering confirmation"
"dcz-type-dry-fully-automatic-magnetic-separation","DCZ type dry fully automatic magnetic separation","unclassified-product-family","application-specific dimensions","data/products/products.json","needs COWIN engineering confirmation"
"dcz-type-dry-fully-automatic-magnetic-separation","DCZ type dry fully automatic magnetic separation","unclassified-product-family","approved performance values","data/products/products.json","needs COWIN engineering confirmation"
"dcz-type-dry-fully-automatic-magnetic-separation","DCZ type dry fully automatic magnetic separation","unclassified-product-family","verified options and exclusions","data/products/products.json","needs COWIN engineering confirmation"
"dcz-type-dry-fully-automatic-magnetic-separation","DCZ type dry fully automatic magnetic separation","unclassified-product-family","reviewer approval","data/products/products.json","needs COWIN engineering confirmation"
"dcz-type-dry-fully-automatic-magnetic-separator","DCZ type dry fully automatic magnetic separator","unclassified-product-family","correct product family and working principle","data/products/products.json","needs COWIN engineering confirmation"
"dcz-type-dry-fully-automatic-magnetic-separator","DCZ type dry fully automatic magnetic separator","unclassified-product-family","confirmed model/series drawing","data/products/products.json","needs COWIN engineering confirmation"
"dcz-type-dry-fully-automatic-magnetic-separator","DCZ type dry fully automatic magnetic separator","unclassified-product-family","application-specific dimensions","data/products/products.json","needs COWIN engineering confirmation"
"dcz-type-dry-fully-automatic-magnetic-separator","DCZ type dry fully automatic magnetic separator","unclassified-product-family","approved performance values","data/products/products.json","needs COWIN engineering confirmation"
"dcz-type-dry-fully-automatic-magnetic-separator","DCZ type dry fully automatic magnetic separator","unclassified-product-family","verified options and exclusions","data/products/products.json","needs COWIN engineering confirmation"
"dcz-type-dry-fully-automatic-magnetic-separator","DCZ type dry fully automatic magnetic separator","unclassified-product-family","reviewer approval","data/products/products.json","needs COWIN engineering confirmation"
"dhd-type-roller-type-automatic-magnetic-separator","DHD type roller type automatic magnetic separator","dry-magnetic-separator","correct product family and working principle","data/products/products.json","needs COWIN engineering confirmation"
"dhd-type-roller-type-automatic-magnetic-separator","DHD type roller type automatic magnetic separator","dry-magnetic-separator","confirmed model/series drawing","data/products/products.json","needs COWIN engineering confirmation"
"dhd-type-roller-type-automatic-magnetic-separator","DHD type roller type automatic magnetic separator","dry-magnetic-separator","application-specific dimensions","data/products/products.json","needs COWIN engineering confirmation"
"dhd-type-roller-type-automatic-magnetic-separator","DHD type roller type automatic magnetic separator","dry-magnetic-separator","approved performance values","data/products/products.json","needs COWIN engineering confirmation"
"dhd-type-roller-type-automatic-magnetic-separator","DHD type roller type automatic magnetic separator","dry-magnetic-separator","verified options and exclusions","data/products/products.json","needs COWIN engineering confirmation"
"dhd-type-roller-type-automatic-magnetic-separator","DHD type roller type automatic magnetic separator","dry-magnetic-separator","reviewer approval","data/products/products.json","needs COWIN engineering confirmation"
"dhj-type-strong-roller-automatic-magnetic-separator","DHJ type strong roller automatic magnetic separator","dry-magnetic-separator","correct product family and working principle","data/products/products.json","needs COWIN engineering confirmation"
"dhj-type-strong-roller-automatic-magnetic-separator","DHJ type strong roller automatic magnetic separator","dry-magnetic-separator","confirmed model/series drawing","data/products/products.json","needs COWIN engineering confirmation"
"dhj-type-strong-roller-automatic-magnetic-separator","DHJ type strong roller automatic magnetic separator","dry-magnetic-separator","application-specific dimensions","data/products/products.json","needs COWIN engineering confirmation"
"dhj-type-strong-roller-automatic-magnetic-separator","DHJ type strong roller automatic magnetic separator","dry-magnetic-separator","approved performance values","data/products/products.json","needs COWIN engineering confirmation"
"dhj-type-strong-roller-automatic-magnetic-separator","DHJ type strong roller automatic magnetic separator","dry-magnetic-separator","verified options and exclusions","data/products/products.json","needs COWIN engineering confirmation"
"dhj-type-strong-roller-automatic-magnetic-separator","DHJ type strong roller automatic magnetic separator","dry-magnetic-separator","reviewer approval","data/products/products.json","needs COWIN engineering confirmation"
"disc-magnetic-separator-for-tailing","Disc Magnetic Separator for Tailing","unclassified-product-family","correct product family and working principle","data/products/products.json","needs COWIN engineering confirmation"
"disc-magnetic-separator-for-tailing","Disc Magnetic Separator for Tailing","unclassified-product-family","confirmed model/series drawing","data/products/products.json","needs COWIN engineering confirmation"
"disc-magnetic-separator-for-tailing","Disc Magnetic Separator for Tailing","unclassified-product-family","application-specific dimensions","data/products/products.json","needs COWIN engineering confirmation"
"disc-magnetic-separator-for-tailing","Disc Magnetic Separator for Tailing","unclassified-product-family","approved performance values","data/products/products.json","needs COWIN engineering confirmation"
"disc-magnetic-separator-for-tailing","Disc Magnetic Separator for Tailing","unclassified-product-family","verified options and exclusions","data/products/products.json","needs COWIN engineering confirmation"
"disc-magnetic-separator-for-tailing","Disc Magnetic Separator for Tailing","unclassified-product-family","reviewer approval","data/products/products.json","needs COWIN engineering confirmation"
"drum-magnet","Drum Magnet","unclassified-product-family","correct product family and working principle","data/products/products.json","needs COWIN engineering confirmation"
"drum-magnet","Drum Magnet","unclassified-product-family","confirmed model/series drawing","data/products/products.json","needs COWIN engineering confirmation"
"drum-magnet","Drum Magnet","unclassified-product-family","application-specific dimensions","data/products/products.json","needs COWIN engineering confirmation"
"drum-magnet","Drum Magnet","unclassified-product-family","approved performance values","data/products/products.json","needs COWIN engineering confirmation"
"drum-magnet","Drum Magnet","unclassified-product-family","verified options and exclusions","data/products/products.json","needs COWIN engineering confirmation"
"drum-magnet","Drum Magnet","unclassified-product-family","reviewer approval","data/products/products.json","needs COWIN engineering confirmation"
"dry-drum-magnetic-separator","Dry Drum Magnetic Separator","dry-magnetic-separator","correct product family and working principle","data/products/products.json","needs COWIN engineering confirmation"
"dry-drum-magnetic-separator","Dry Drum Magnetic Separator","dry-magnetic-separator","confirmed model/series drawing","data/products/products.json","needs COWIN engineering confirmation"
"dry-drum-magnetic-separator","Dry Drum Magnetic Separator","dry-magnetic-separator","application-specific dimensions","data/products/products.json","needs COWIN engineering confirmation"
"dry-drum-magnetic-separator","Dry Drum Magnetic Separator","dry-magnetic-separator","approved performance values","data/products/products.json","needs COWIN engineering confirmation"
"dry-drum-magnetic-separator","Dry Drum Magnetic Separator","dry-magnetic-separator","verified options and exclusions","data/products/products.json","needs COWIN engineering confirmation"
"dry-drum-magnetic-separator","Dry Drum Magnetic Separator","dry-magnetic-separator","reviewer approval","data/products/products.json","needs COWIN engineering confirmation"
"gls-type-integral-channel-metal-separator","GLS type integral channel metal separator","conveyor-metal-detector","detection aperture","data/products/products.json","needs COWIN engineering confirmation"
"gls-type-integral-channel-metal-separator","GLS type integral channel metal separator","conveyor-metal-detector","sensitivity application range","data/products/products.json","needs COWIN engineering confirmation"
"gls-type-integral-channel-metal-separator","GLS type integral channel metal separator","conveyor-metal-detector","alarm/reject interface","data/products/products.json","needs COWIN engineering confirmation"
"gls-type-integral-channel-metal-separator","GLS type integral channel metal separator","conveyor-metal-detector","confirmed model/series drawing","data/products/products.json","needs COWIN engineering confirmation"
"gls-type-integral-channel-metal-separator","GLS type integral channel metal separator","conveyor-metal-detector","application-specific dimensions","data/products/products.json","needs COWIN engineering confirmation"
"gls-type-integral-channel-metal-separator","GLS type integral channel metal separator","conveyor-metal-detector","approved performance values","data/products/products.json","needs COWIN engineering confirmation"
"gls-type-integral-channel-metal-separator","GLS type integral channel metal separator","conveyor-metal-detector","verified options and exclusions","data/products/products.json","needs COWIN engineering confirmation"
"gls-type-integral-channel-metal-separator","GLS type integral channel metal separator","conveyor-metal-detector","reviewer approval","data/products/products.json","needs COWIN engineering confirmation"
"gtc-wet-plate-magnetic-separator","GTC wet plate magnetic separator","unclassified-product-family","correct product family and working principle","data/products/products.json","needs COWIN engineering confirmation"
"gtc-wet-plate-magnetic-separator","GTC wet plate magnetic separator","unclassified-product-family","confirmed model/series drawing","data/products/products.json","needs COWIN engineering confirmation"
"gtc-wet-plate-magnetic-separator","GTC wet plate magnetic separator","unclassified-product-family","application-specific dimensions","data/products/products.json","needs COWIN engineering confirmation"
"gtc-wet-plate-magnetic-separator","GTC wet plate magnetic separator","unclassified-product-family","approved performance values","data/products/products.json","needs COWIN engineering confirmation"
"gtc-wet-plate-magnetic-separator","GTC wet plate magnetic separator","unclassified-product-family","verified options and exclusions","data/products/products.json","needs COWIN engineering confirmation"
"gtc-wet-plate-magnetic-separator","GTC wet plate magnetic separator","unclassified-product-family","reviewer approval","data/products/products.json","needs COWIN engineering confirmation"
"hcg-type-dry-pre-selection-machine","HCG type dry pre selection machine","dry-magnetic-separator","correct product family and working principle","data/products/products.json","needs COWIN engineering confirmation"
"hcg-type-dry-pre-selection-machine","HCG type dry pre selection machine","dry-magnetic-separator","confirmed model/series drawing","data/products/products.json","needs COWIN engineering confirmation"
"hcg-type-dry-pre-selection-machine","HCG type dry pre selection machine","dry-magnetic-separator","application-specific dimensions","data/products/products.json","needs COWIN engineering confirmation"
"hcg-type-dry-pre-selection-machine","HCG type dry pre selection machine","dry-magnetic-separator","approved performance values","data/products/products.json","needs COWIN engineering confirmation"
"hcg-type-dry-pre-selection-machine","HCG type dry pre selection machine","dry-magnetic-separator","verified options and exclusions","data/products/products.json","needs COWIN engineering confirmation"
"hcg-type-dry-pre-selection-machine","HCG type dry pre selection machine","dry-magnetic-separator","reviewer approval","data/products/products.json","needs COWIN engineering confirmation"
"high-frequency-screen","High Frequency Screen","unclassified-product-family","correct product family and working principle","data/products/products.json","needs COWIN engineering confirmation"
"high-frequency-screen","High Frequency Screen","unclassified-product-family","confirmed model/series drawing","data/products/products.json","needs COWIN engineering confirmation"
"high-frequency-screen","High Frequency Screen","unclassified-product-family","application-specific dimensions","data/products/products.json","needs COWIN engineering confirmation"
"high-frequency-screen","High Frequency Screen","unclassified-product-family","approved performance values","data/products/products.json","needs COWIN engineering confirmation"
"high-frequency-screen","High Frequency Screen","unclassified-product-family","verified options and exclusions","data/products/products.json","needs COWIN engineering confirmation"
"high-frequency-screen","High Frequency Screen","unclassified-product-family","reviewer approval","data/products/products.json","needs COWIN engineering confirmation"
"hjlh-type-vertical-ring-high-gradient-magnetic-separation","HJLH type vertical ring high gradient magnetic separation","unclassified-product-family","correct product family and working principle","data/products/products.json","needs COWIN engineering confirmation"
"hjlh-type-vertical-ring-high-gradient-magnetic-separation","HJLH type vertical ring high gradient magnetic separation","unclassified-product-family","confirmed model/series drawing","data/products/products.json","needs COWIN engineering confirmation"
"hjlh-type-vertical-ring-high-gradient-magnetic-separation","HJLH type vertical ring high gradient magnetic separation","unclassified-product-family","application-specific dimensions","data/products/products.json","needs COWIN engineering confirmation"
"hjlh-type-vertical-ring-high-gradient-magnetic-separation","HJLH type vertical ring high gradient magnetic separation","unclassified-product-family","approved performance values","data/products/products.json","needs COWIN engineering confirmation"
"hjlh-type-vertical-ring-high-gradient-magnetic-separation","HJLH type vertical ring high gradient magnetic separation","unclassified-product-family","verified options and exclusions","data/products/products.json","needs COWIN engineering confirmation"
"hjlh-type-vertical-ring-high-gradient-magnetic-separation","HJLH type vertical ring high gradient magnetic separation","unclassified-product-family","reviewer approval","data/products/products.json","needs COWIN engineering confirmation"
"hjlh-wet-vertical-ring-high-gradient-magnetic-separator","HJLH wet vertical ring high gradient magnetic separator","unclassified-product-family","correct product family and working principle","data/products/products.json","needs COWIN engineering confirmation"
"hjlh-wet-vertical-ring-high-gradient-magnetic-separator","HJLH wet vertical ring high gradient magnetic separator","unclassified-product-family","confirmed model/series drawing","data/products/products.json","needs COWIN engineering confirmation"
"hjlh-wet-vertical-ring-high-gradient-magnetic-separator","HJLH wet vertical ring high gradient magnetic separator","unclassified-product-family","application-specific dimensions","data/products/products.json","needs COWIN engineering confirmation"
"hjlh-wet-vertical-ring-high-gradient-magnetic-separator","HJLH wet vertical ring high gradient magnetic separator","unclassified-product-family","approved performance values","data/products/products.json","needs COWIN engineering confirmation"
"hjlh-wet-vertical-ring-high-gradient-magnetic-separator","HJLH wet vertical ring high gradient magnetic separator","unclassified-product-family","verified options and exclusions","data/products/products.json","needs COWIN engineering confirmation"
"hjlh-wet-vertical-ring-high-gradient-magnetic-separator","HJLH wet vertical ring high gradient magnetic separator","unclassified-product-family","reviewer approval","data/products/products.json","needs COWIN engineering confirmation"
"hjpc-wet-disc-magnetic-separation","HJPC wet disc magnetic separation","unclassified-product-family","correct product family and working principle","data/products/products.json","needs COWIN engineering confirmation"
"hjpc-wet-disc-magnetic-separation","HJPC wet disc magnetic separation","unclassified-product-family","confirmed model/series drawing","data/products/products.json","needs COWIN engineering confirmation"
"hjpc-wet-disc-magnetic-separation","HJPC wet disc magnetic separation","unclassified-product-family","application-specific dimensions","data/products/products.json","needs COWIN engineering confirmation"
"hjpc-wet-disc-magnetic-separation","HJPC wet disc magnetic separation","unclassified-product-family","approved performance values","data/products/products.json","needs COWIN engineering confirmation"
"hjpc-wet-disc-magnetic-separation","HJPC wet disc magnetic separation","unclassified-product-family","verified options and exclusions","data/products/products.json","needs COWIN engineering confirmation"
"hjpc-wet-disc-magnetic-separation","HJPC wet disc magnetic separation","unclassified-product-family","reviewer approval","data/products/products.json","needs COWIN engineering confirmation"
"hmdn-coal-washing-special-magnetic-separator","HMDN coal washing special magnetic separator","unclassified-product-family","correct product family and working principle","data/products/products.json","needs COWIN engineering confirmation"
"hmdn-coal-washing-special-magnetic-separator","HMDN coal washing special magnetic separator","unclassified-product-family","confirmed model/series drawing","data/products/products.json","needs COWIN engineering confirmation"
"hmdn-coal-washing-special-magnetic-separator","HMDN coal washing special magnetic separator","unclassified-product-family","application-specific dimensions","data/products/products.json","needs COWIN engineering confirmation"
"hmdn-coal-washing-special-magnetic-separator","HMDN coal washing special magnetic separator","unclassified-product-family","approved performance values","data/products/products.json","needs COWIN engineering confirmation"
"hmdn-coal-washing-special-magnetic-separator","HMDN coal washing special magnetic separator","unclassified-product-family","verified options and exclusions","data/products/products.json","needs COWIN engineering confirmation"
"hmdn-coal-washing-special-magnetic-separator","HMDN coal washing special magnetic separator","unclassified-product-family","reviewer approval","data/products/products.json","needs COWIN engineering confirmation"
"ljk-type-magnetic-ore-special-iron-remover","LJK type magnetic ore special iron remover","unclassified-product-family","correct product family and working principle","data/products/products.json","needs COWIN engineering confirmation"
"ljk-type-magnetic-ore-special-iron-remover","LJK type magnetic ore special iron remover","unclassified-product-family","confirmed model/series drawing","data/products/products.json","needs COWIN engineering confirmation"
"ljk-type-magnetic-ore-special-iron-remover","LJK type magnetic ore special iron remover","unclassified-product-family","application-specific dimensions","data/products/products.json","needs COWIN engineering confirmation"
"ljk-type-magnetic-ore-special-iron-remover","LJK type magnetic ore special iron remover","unclassified-product-family","approved performance values","data/products/products.json","needs COWIN engineering confirmation"
"ljk-type-magnetic-ore-special-iron-remover","LJK type magnetic ore special iron remover","unclassified-product-family","verified options and exclusions","data/products/products.json","needs COWIN engineering confirmation"
"ljk-type-magnetic-ore-special-iron-remover","LJK type magnetic ore special iron remover","unclassified-product-family","reviewer approval","data/products/products.json","needs COWIN engineering confirmation"
"magnetic-head-pulley","Magnetic Head Pulley","magnetic-head-pulley","pulley dimensions","data/products/products.json","needs COWIN engineering confirmation"
"magnetic-head-pulley","Magnetic Head Pulley","magnetic-head-pulley","magnetic circuit grade","data/products/products.json","needs COWIN engineering confirmation"
"magnetic-head-pulley","Magnetic Head Pulley","magnetic-head-pulley","conveyor integration details","data/products/products.json","needs COWIN engineering confirmation"
"magnetic-head-pulley","Magnetic Head Pulley","magnetic-head-pulley","confirmed model/series drawing","data/products/products.json","needs COWIN engineering confirmation"
"magnetic-head-pulley","Magnetic Head Pulley","magnetic-head-pulley","application-specific dimensions","data/products/products.json","needs COWIN engineering confirmation"
"magnetic-head-pulley","Magnetic Head Pulley","magnetic-head-pulley","approved performance values","data/products/products.json","needs COWIN engineering confirmation"
"magnetic-head-pulley","Magnetic Head Pulley","magnetic-head-pulley","verified options and exclusions","data/products/products.json","needs COWIN engineering confirmation"
"magnetic-head-pulley","Magnetic Head Pulley","magnetic-head-pulley","reviewer approval","data/products/products.json","needs COWIN engineering confirmation"
"nct-type-concentrated-magnetic-separator","NCT type concentrated magnetic separator","unclassified-product-family","correct product family and working principle","data/products/products.json","needs COWIN engineering confirmation"
"nct-type-concentrated-magnetic-separator","NCT type concentrated magnetic separator","unclassified-product-family","confirmed model/series drawing","data/products/products.json","needs COWIN engineering confirmation"
"nct-type-concentrated-magnetic-separator","NCT type concentrated magnetic separator","unclassified-product-family","application-specific dimensions","data/products/products.json","needs COWIN engineering confirmation"
"nct-type-concentrated-magnetic-separator","NCT type concentrated magnetic separator","unclassified-product-family","approved performance values","data/products/products.json","needs COWIN engineering confirmation"
"nct-type-concentrated-magnetic-separator","NCT type concentrated magnetic separator","unclassified-product-family","verified options and exclusions","data/products/products.json","needs COWIN engineering confirmation"
"nct-type-concentrated-magnetic-separator","NCT type concentrated magnetic separator","unclassified-product-family","reviewer approval","data/products/products.json","needs COWIN engineering confirmation"
"qcg-wet-roller-magnetic-separator","QCG wet roller magnetic separator","wet-drum-or-wet-magnetic-separator","drum diameter and length","data/products/products.json","needs COWIN engineering confirmation"
"qcg-wet-roller-magnetic-separator","QCG wet roller magnetic separator","wet-drum-or-wet-magnetic-separator","tank type","data/products/products.json","needs COWIN engineering confirmation"
"qcg-wet-roller-magnetic-separator","QCG wet roller magnetic separator","wet-drum-or-wet-magnetic-separator","slurry and particle-size range","data/products/products.json","needs COWIN engineering confirmation"
"qcg-wet-roller-magnetic-separator","QCG wet roller magnetic separator","wet-drum-or-wet-magnetic-separator","confirmed model/series drawing","data/products/products.json","needs COWIN engineering confirmation"
"qcg-wet-roller-magnetic-separator","QCG wet roller magnetic separator","wet-drum-or-wet-magnetic-separator","application-specific dimensions","data/products/products.json","needs COWIN engineering confirmation"
"qcg-wet-roller-magnetic-separator","QCG wet roller magnetic separator","wet-drum-or-wet-magnetic-separator","approved performance values","data/products/products.json","needs COWIN engineering confirmation"
"qcg-wet-roller-magnetic-separator","QCG wet roller magnetic separator","wet-drum-or-wet-magnetic-separator","verified options and exclusions","data/products/products.json","needs COWIN engineering confirmation"
"qcg-wet-roller-magnetic-separator","QCG wet roller magnetic separator","wet-drum-or-wet-magnetic-separator","reviewer approval","data/products/products.json","needs COWIN engineering confirmation"
"rct-type-fully-magnetic-drum","RCT type fully magnetic drum","wet-drum-or-wet-magnetic-separator","drum diameter and length","data/products/products.json","needs COWIN engineering confirmation"
"rct-type-fully-magnetic-drum","RCT type fully magnetic drum","wet-drum-or-wet-magnetic-separator","tank type","data/products/products.json","needs COWIN engineering confirmation"
"rct-type-fully-magnetic-drum","RCT type fully magnetic drum","wet-drum-or-wet-magnetic-separator","slurry and particle-size range","data/products/products.json","needs COWIN engineering confirmation"
"rct-type-fully-magnetic-drum","RCT type fully magnetic drum","wet-drum-or-wet-magnetic-separator","confirmed model/series drawing","data/products/products.json","needs COWIN engineering confirmation"
"rct-type-fully-magnetic-drum","RCT type fully magnetic drum","wet-drum-or-wet-magnetic-separator","application-specific dimensions","data/products/products.json","needs COWIN engineering confirmation"
"rct-type-fully-magnetic-drum","RCT type fully magnetic drum","wet-drum-or-wet-magnetic-separator","approved performance values","data/products/products.json","needs COWIN engineering confirmation"
"rct-type-fully-magnetic-drum","RCT type fully magnetic drum","wet-drum-or-wet-magnetic-separator","verified options and exclusions","data/products/products.json","needs COWIN engineering confirmation"
"rct-type-fully-magnetic-drum","RCT type fully magnetic drum","wet-drum-or-wet-magnetic-separator","reviewer approval","data/products/products.json","needs COWIN engineering confirmation"
"round-electromagnetic-lifting-magnet","Round Electromagnetic Lifting Magnet","suspended-electromagnetic-separator","input power","data/products/products.json","needs COWIN engineering confirmation"
"round-electromagnetic-lifting-magnet","Round Electromagnetic Lifting Magnet","suspended-electromagnetic-separator","coil/cooling configuration","data/products/products.json","needs COWIN engineering confirmation"
"round-electromagnetic-lifting-magnet","Round Electromagnetic Lifting Magnet","suspended-electromagnetic-separator","control cabinet requirements","data/products/products.json","needs COWIN engineering confirmation"
"round-electromagnetic-lifting-magnet","Round Electromagnetic Lifting Magnet","suspended-electromagnetic-separator","confirmed model/series drawing","data/products/products.json","needs COWIN engineering confirmation"
"round-electromagnetic-lifting-magnet","Round Electromagnetic Lifting Magnet","suspended-electromagnetic-separator","application-specific dimensions","data/products/products.json","needs COWIN engineering confirmation"
"round-electromagnetic-lifting-magnet","Round Electromagnetic Lifting Magnet","suspended-electromagnetic-separator","approved performance values","data/products/products.json","needs COWIN engineering confirmation"
"round-electromagnetic-lifting-magnet","Round Electromagnetic Lifting Magnet","suspended-electromagnetic-separator","verified options and exclusions","data/products/products.json","needs COWIN engineering confirmation"
"round-electromagnetic-lifting-magnet","Round Electromagnetic Lifting Magnet","suspended-electromagnetic-separator","reviewer approval","data/products/products.json","needs COWIN engineering confirmation"
"wbc-semi-magnetic-tailings-recovery-machine","WBC semi magnetic tailings recovery machine","unclassified-product-family","correct product family and working principle","data/products/products.json","needs COWIN engineering confirmation"
"wbc-semi-magnetic-tailings-recovery-machine","WBC semi magnetic tailings recovery machine","unclassified-product-family","confirmed model/series drawing","data/products/products.json","needs COWIN engineering confirmation"
"wbc-semi-magnetic-tailings-recovery-machine","WBC semi magnetic tailings recovery machine","unclassified-product-family","application-specific dimensions","data/products/products.json","needs COWIN engineering confirmation"
"wbc-semi-magnetic-tailings-recovery-machine","WBC semi magnetic tailings recovery machine","unclassified-product-family","approved performance values","data/products/products.json","needs COWIN engineering confirmation"
"wbc-semi-magnetic-tailings-recovery-machine","WBC semi magnetic tailings recovery machine","unclassified-product-family","verified options and exclusions","data/products/products.json","needs COWIN engineering confirmation"
"wbc-semi-magnetic-tailings-recovery-machine","WBC semi magnetic tailings recovery machine","unclassified-product-family","reviewer approval","data/products/products.json","needs COWIN engineering confirmation"
"wet-drum-magnetic-separator","Wet Drum Magnetic Separator","wet-drum-or-wet-magnetic-separator","drum diameter and length","data/products/products.json","needs COWIN engineering confirmation"
"wet-drum-magnetic-separator","Wet Drum Magnetic Separator","wet-drum-or-wet-magnetic-separator","tank type","data/products/products.json","needs COWIN engineering confirmation"
"wet-drum-magnetic-separator","Wet Drum Magnetic Separator","wet-drum-or-wet-magnetic-separator","slurry and particle-size range","data/products/products.json","needs COWIN engineering confirmation"
"wet-drum-magnetic-separator","Wet Drum Magnetic Separator","wet-drum-or-wet-magnetic-separator","confirmed model/series drawing","data/products/products.json","needs COWIN engineering confirmation"
"wet-drum-magnetic-separator","Wet Drum Magnetic Separator","wet-drum-or-wet-magnetic-separator","application-specific dimensions","data/products/products.json","needs COWIN engineering confirmation"
"wet-drum-magnetic-separator","Wet Drum Magnetic Separator","wet-drum-or-wet-magnetic-separator","approved performance values","data/products/products.json","needs COWIN engineering confirmation"
"wet-drum-magnetic-separator","Wet Drum Magnetic Separator","wet-drum-or-wet-magnetic-separator","verified options and exclusions","data/products/products.json","needs COWIN engineering confirmation"
"wet-drum-magnetic-separator","Wet Drum Magnetic Separator","wet-drum-or-wet-magnetic-separator","reviewer approval","data/products/products.json","needs COWIN engineering confirmation"
"dls-type-window-metal-detector","DLS type window metal detector","conveyor-metal-detector","detection aperture","data/products/products.json","needs COWIN engineering confirmation"
"dls-type-window-metal-detector","DLS type window metal detector","conveyor-metal-detector","sensitivity application range","data/products/products.json","needs COWIN engineering confirmation"
"dls-type-window-metal-detector","DLS type window metal detector","conveyor-metal-detector","alarm/reject interface","data/products/products.json","needs COWIN engineering confirmation"
"dls-type-window-metal-detector","DLS type window metal detector","conveyor-metal-detector","confirmed model/series drawing","data/products/products.json","needs COWIN engineering confirmation"
"dls-type-window-metal-detector","DLS type window metal detector","conveyor-metal-detector","application-specific dimensions","data/products/products.json","needs COWIN engineering confirmation"
"dls-type-window-metal-detector","DLS type window metal detector","conveyor-metal-detector","approved performance values","data/products/products.json","needs COWIN engineering confirmation"
"dls-type-window-metal-detector","DLS type window metal detector","conveyor-metal-detector","verified options and exclusions","data/products/products.json","needs COWIN engineering confirmation"
"dls-type-window-metal-detector","DLS type window metal detector","conveyor-metal-detector","reviewer approval","data/products/products.json","needs COWIN engineering confirmation"
"eccentric-eddy-current-separator","Eccentric Eddy Current Separator","eddy-current-separator","rotor configuration","data/products/products.json","needs COWIN engineering confirmation"
"eccentric-eddy-current-separator","Eccentric Eddy Current Separator","eddy-current-separator","feed-size range","data/products/products.json","needs COWIN engineering confirmation"
"eccentric-eddy-current-separator","Eccentric Eddy Current Separator","eddy-current-separator","splitter adjustment","data/products/products.json","needs COWIN engineering confirmation"
"eccentric-eddy-current-separator","Eccentric Eddy Current Separator","eddy-current-separator","confirmed model/series drawing","data/products/products.json","needs COWIN engineering confirmation"
"eccentric-eddy-current-separator","Eccentric Eddy Current Separator","eddy-current-separator","application-specific dimensions","data/products/products.json","needs COWIN engineering confirmation"
"eccentric-eddy-current-separator","Eccentric Eddy Current Separator","eddy-current-separator","approved performance values","data/products/products.json","needs COWIN engineering confirmation"
"eccentric-eddy-current-separator","Eccentric Eddy Current Separator","eddy-current-separator","verified options and exclusions","data/products/products.json","needs COWIN engineering confirmation"
"eccentric-eddy-current-separator","Eccentric Eddy Current Separator","eddy-current-separator","reviewer approval","data/products/products.json","needs COWIN engineering confirmation"
"gjt-type-window-metal-detector","GJT type window metal detector","conveyor-metal-detector","detection aperture","data/products/products.json","needs COWIN engineering confirmation"
"gjt-type-window-metal-detector","GJT type window metal detector","conveyor-metal-detector","sensitivity application range","data/products/products.json","needs COWIN engineering confirmation"
"gjt-type-window-metal-detector","GJT type window metal detector","conveyor-metal-detector","alarm/reject interface","data/products/products.json","needs COWIN engineering confirmation"
"gjt-type-window-metal-detector","GJT type window metal detector","conveyor-metal-detector","confirmed model/series drawing","data/products/products.json","needs COWIN engineering confirmation"
"gjt-type-window-metal-detector","GJT type window metal detector","conveyor-metal-detector","application-specific dimensions","data/products/products.json","needs COWIN engineering confirmation"
"gjt-type-window-metal-detector","GJT type window metal detector","conveyor-metal-detector","approved performance values","data/products/products.json","needs COWIN engineering confirmation"
"gjt-type-window-metal-detector","GJT type window metal detector","conveyor-metal-detector","verified options and exclusions","data/products/products.json","needs COWIN engineering confirmation"
"gjt-type-window-metal-detector","GJT type window metal detector","conveyor-metal-detector","reviewer approval","data/products/products.json","needs COWIN engineering confirmation"
"hecp-eddy-current-metal-sorting-machine","HECP eddy current metal sorting machine","eddy-current-separator","rotor configuration","data/products/products.json","needs COWIN engineering confirmation"
"hecp-eddy-current-metal-sorting-machine","HECP eddy current metal sorting machine","eddy-current-separator","feed-size range","data/products/products.json","needs COWIN engineering confirmation"
"hecp-eddy-current-metal-sorting-machine","HECP eddy current metal sorting machine","eddy-current-separator","splitter adjustment","data/products/products.json","needs COWIN engineering confirmation"
"hecp-eddy-current-metal-sorting-machine","HECP eddy current metal sorting machine","eddy-current-separator","confirmed model/series drawing","data/products/products.json","needs COWIN engineering confirmation"
"hecp-eddy-current-metal-sorting-machine","HECP eddy current metal sorting machine","eddy-current-separator","application-specific dimensions","data/products/products.json","needs COWIN engineering confirmation"
"hecp-eddy-current-metal-sorting-machine","HECP eddy current metal sorting machine","eddy-current-separator","approved performance values","data/products/products.json","needs COWIN engineering confirmation"
"hecp-eddy-current-metal-sorting-machine","HECP eddy current metal sorting machine","eddy-current-separator","verified options and exclusions","data/products/products.json","needs COWIN engineering confirmation"
"hecp-eddy-current-metal-sorting-machine","HECP eddy current metal sorting machine","eddy-current-separator","reviewer approval","data/products/products.json","needs COWIN engineering confirmation"
"hecs-type-eddy-current-metal-sorting-machine","HECS type eddy current metal sorting machine","eddy-current-separator","rotor configuration","data/products/products.json","needs COWIN engineering confirmation"
"hecs-type-eddy-current-metal-sorting-machine","HECS type eddy current metal sorting machine","eddy-current-separator","feed-size range","data/products/products.json","needs COWIN engineering confirmation"
"hecs-type-eddy-current-metal-sorting-machine","HECS type eddy current metal sorting machine","eddy-current-separator","splitter adjustment","data/products/products.json","needs COWIN engineering confirmation"
"hecs-type-eddy-current-metal-sorting-machine","HECS type eddy current metal sorting machine","eddy-current-separator","confirmed model/series drawing","data/products/products.json","needs COWIN engineering confirmation"
"hecs-type-eddy-current-metal-sorting-machine","HECS type eddy current metal sorting machine","eddy-current-separator","application-specific dimensions","data/products/products.json","needs COWIN engineering confirmation"
"hecs-type-eddy-current-metal-sorting-machine","HECS type eddy current metal sorting machine","eddy-current-separator","approved performance values","data/products/products.json","needs COWIN engineering confirmation"
"hecs-type-eddy-current-metal-sorting-machine","HECS type eddy current metal sorting machine","eddy-current-separator","verified options and exclusions","data/products/products.json","needs COWIN engineering confirmation"
"hecs-type-eddy-current-metal-sorting-machine","HECS type eddy current metal sorting machine","eddy-current-separator","reviewer approval","data/products/products.json","needs COWIN engineering confirmation"
"stainless-steel-separation-conveyor","Stainless Steel Separation Conveyor","unclassified-product-family","correct product family and working principle","data/products/products.json","needs COWIN engineering confirmation"
"stainless-steel-separation-conveyor","Stainless Steel Separation Conveyor","unclassified-product-family","confirmed model/series drawing","data/products/products.json","needs COWIN engineering confirmation"
"stainless-steel-separation-conveyor","Stainless Steel Separation Conveyor","unclassified-product-family","application-specific dimensions","data/products/products.json","needs COWIN engineering confirmation"
"stainless-steel-separation-conveyor","Stainless Steel Separation Conveyor","unclassified-product-family","approved performance values","data/products/products.json","needs COWIN engineering confirmation"
"stainless-steel-separation-conveyor","Stainless Steel Separation Conveyor","unclassified-product-family","verified options and exclusions","data/products/products.json","needs COWIN engineering confirmation"
"stainless-steel-separation-conveyor","Stainless Steel Separation Conveyor","unclassified-product-family","reviewer approval","data/products/products.json","needs COWIN engineering confirmation"
"electromagnet-separator","Electromagnet Separator","unclassified-product-family","correct product family and working principle","data/products/products.json","needs COWIN engineering confirmation"
"electromagnet-separator","Electromagnet Separator","unclassified-product-family","confirmed model/series drawing","data/products/products.json","needs COWIN engineering confirmation"
"electromagnet-separator","Electromagnet Separator","unclassified-product-family","application-specific dimensions","data/products/products.json","needs COWIN engineering confirmation"
"electromagnet-separator","Electromagnet Separator","unclassified-product-family","approved performance values","data/products/products.json","needs COWIN engineering confirmation"
"electromagnet-separator","Electromagnet Separator","unclassified-product-family","verified options and exclusions","data/products/products.json","needs COWIN engineering confirmation"
"electromagnet-separator","Electromagnet Separator","unclassified-product-family","reviewer approval","data/products/products.json","needs COWIN engineering confirmation"
"kgla-series-rectifier-control-box","KGLA series rectifier control box","unclassified-product-family","correct product family and working principle","data/products/products.json","needs COWIN engineering confirmation"
"kgla-series-rectifier-control-box","KGLA series rectifier control box","unclassified-product-family","confirmed model/series drawing","data/products/products.json","needs COWIN engineering confirmation"
"kgla-series-rectifier-control-box","KGLA series rectifier control box","unclassified-product-family","application-specific dimensions","data/products/products.json","needs COWIN engineering confirmation"
"kgla-series-rectifier-control-box","KGLA series rectifier control box","unclassified-product-family","approved performance values","data/products/products.json","needs COWIN engineering confirmation"
"kgla-series-rectifier-control-box","KGLA series rectifier control box","unclassified-product-family","verified options and exclusions","data/products/products.json","needs COWIN engineering confirmation"
"kgla-series-rectifier-control-box","KGLA series rectifier control box","unclassified-product-family","reviewer approval","data/products/products.json","needs COWIN engineering confirmation"
"kxb-mining-explosion-proof-electromagnetic-iron-remover-control-box","KXB mining explosion-proof electromagnetic iron remover control box","suspended-electromagnetic-separator","input power","data/products/products.json","needs COWIN engineering confirmation"
"kxb-mining-explosion-proof-electromagnetic-iron-remover-control-box","KXB mining explosion-proof electromagnetic iron remover control box","suspended-electromagnetic-separator","coil/cooling configuration","data/products/products.json","needs COWIN engineering confirmation"
"kxb-mining-explosion-proof-electromagnetic-iron-remover-control-box","KXB mining explosion-proof electromagnetic iron remover control box","suspended-electromagnetic-separator","control cabinet requirements","data/products/products.json","needs COWIN engineering confirmation"
"kxb-mining-explosion-proof-electromagnetic-iron-remover-control-box","KXB mining explosion-proof electromagnetic iron remover control box","suspended-electromagnetic-separator","confirmed model/series drawing","data/products/products.json","needs COWIN engineering confirmation"
"kxb-mining-explosion-proof-electromagnetic-iron-remover-control-box","KXB mining explosion-proof electromagnetic iron remover control box","suspended-electromagnetic-separator","application-specific dimensions","data/products/products.json","needs COWIN engineering confirmation"
"kxb-mining-explosion-proof-electromagnetic-iron-remover-control-box","KXB mining explosion-proof electromagnetic iron remover control box","suspended-electromagnetic-separator","approved performance values","data/products/products.json","needs COWIN engineering confirmation"
"kxb-mining-explosion-proof-electromagnetic-iron-remover-control-box","KXB mining explosion-proof electromagnetic iron remover control box","suspended-electromagnetic-separator","verified options and exclusions","data/products/products.json","needs COWIN engineering confirmation"
"kxb-mining-explosion-proof-electromagnetic-iron-remover-control-box","KXB mining explosion-proof electromagnetic iron remover control box","suspended-electromagnetic-separator","reviewer approval","data/products/products.json","needs COWIN engineering confirmation"
"permanent-overband-magnetic-separator","Permanent Overband Magnetic Separator","permanent-overband-or-self-cleaning","self-cleaning belt arrangement","data/products/products.json","needs COWIN engineering confirmation"
"permanent-overband-magnetic-separator","Permanent Overband Magnetic Separator","permanent-overband-or-self-cleaning","drive details where applicable","data/products/products.json","needs COWIN engineering confirmation"
"permanent-overband-magnetic-separator","Permanent Overband Magnetic Separator","permanent-overband-or-self-cleaning","belt speed and duty","data/products/products.json","needs COWIN engineering confirmation"
"permanent-overband-magnetic-separator","Permanent Overband Magnetic Separator","permanent-overband-or-self-cleaning","confirmed model/series drawing","data/products/products.json","needs COWIN engineering confirmation"
"permanent-overband-magnetic-separator","Permanent Overband Magnetic Separator","permanent-overband-or-self-cleaning","application-specific dimensions","data/products/products.json","needs COWIN engineering confirmation"
"permanent-overband-magnetic-separator","Permanent Overband Magnetic Separator","permanent-overband-or-self-cleaning","approved performance values","data/products/products.json","needs COWIN engineering confirmation"
"permanent-overband-magnetic-separator","Permanent Overband Magnetic Separator","permanent-overband-or-self-cleaning","verified options and exclusions","data/products/products.json","needs COWIN engineering confirmation"
"permanent-overband-magnetic-separator","Permanent Overband Magnetic Separator","permanent-overband-or-self-cleaning","reviewer approval","data/products/products.json","needs COWIN engineering confirmation"
"qjz-mining-explosion-proof-permanent-magnet-iron-remover-control-box","QJZ mining explosion-proof permanent magnet iron remover control box","unclassified-product-family","correct product family and working principle","data/products/products.json","needs COWIN engineering confirmation"
"qjz-mining-explosion-proof-permanent-magnet-iron-remover-control-box","QJZ mining explosion-proof permanent magnet iron remover control box","unclassified-product-family","confirmed model/series drawing","data/products/products.json","needs COWIN engineering confirmation"
"qjz-mining-explosion-proof-permanent-magnet-iron-remover-control-box","QJZ mining explosion-proof permanent magnet iron remover control box","unclassified-product-family","application-specific dimensions","data/products/products.json","needs COWIN engineering confirmation"
"qjz-mining-explosion-proof-permanent-magnet-iron-remover-control-box","QJZ mining explosion-proof permanent magnet iron remover control box","unclassified-product-family","approved performance values","data/products/products.json","needs COWIN engineering confirmation"
"qjz-mining-explosion-proof-permanent-magnet-iron-remover-control-box","QJZ mining explosion-proof permanent magnet iron remover control box","unclassified-product-family","verified options and exclusions","data/products/products.json","needs COWIN engineering confirmation"
"qjz-mining-explosion-proof-permanent-magnet-iron-remover-control-box","QJZ mining explosion-proof permanent magnet iron remover control box","unclassified-product-family","reviewer approval","data/products/products.json","needs COWIN engineering confirmation"
"rbcdb-explosion-proof-disc-type-electromagnetic-iron-remover","RBCDB explosion-proof disc type electromagnetic iron remover","suspended-electromagnetic-separator","input power","data/products/products.json","needs COWIN engineering confirmation"
"rbcdb-explosion-proof-disc-type-electromagnetic-iron-remover","RBCDB explosion-proof disc type electromagnetic iron remover","suspended-electromagnetic-separator","coil/cooling configuration","data/products/products.json","needs COWIN engineering confirmation"
"rbcdb-explosion-proof-disc-type-electromagnetic-iron-remover","RBCDB explosion-proof disc type electromagnetic iron remover","suspended-electromagnetic-separator","control cabinet requirements","data/products/products.json","needs COWIN engineering confirmation"
"rbcdb-explosion-proof-disc-type-electromagnetic-iron-remover","RBCDB explosion-proof disc type electromagnetic iron remover","suspended-electromagnetic-separator","confirmed model/series drawing","data/products/products.json","needs COWIN engineering confirmation"
"rbcdb-explosion-proof-disc-type-electromagnetic-iron-remover","RBCDB explosion-proof disc type electromagnetic iron remover","suspended-electromagnetic-separator","application-specific dimensions","data/products/products.json","needs COWIN engineering confirmation"
"rbcdb-explosion-proof-disc-type-electromagnetic-iron-remover","RBCDB explosion-proof disc type electromagnetic iron remover","suspended-electromagnetic-separator","approved performance values","data/products/products.json","needs COWIN engineering confirmation"
"rbcdb-explosion-proof-disc-type-electromagnetic-iron-remover","RBCDB explosion-proof disc type electromagnetic iron remover","suspended-electromagnetic-separator","verified options and exclusions","data/products/products.json","needs COWIN engineering confirmation"
"rbcdb-explosion-proof-disc-type-electromagnetic-iron-remover","RBCDB explosion-proof disc type electromagnetic iron remover","suspended-electromagnetic-separator","reviewer approval","data/products/products.json","needs COWIN engineering confirmation"
"rbcdd-explosion-proof-electromagnetic-self-dumping-iron-remover","RBCDD explosion-proof electromagnetic self dumping iron remover","self-cleaning-electromagnetic-overband","input power","data/products/products.json","needs COWIN engineering confirmation"
"rbcdd-explosion-proof-electromagnetic-self-dumping-iron-remover","RBCDD explosion-proof electromagnetic self dumping iron remover","self-cleaning-electromagnetic-overband","coil/cooling configuration","data/products/products.json","needs COWIN engineering confirmation"
"rbcdd-explosion-proof-electromagnetic-self-dumping-iron-remover","RBCDD explosion-proof electromagnetic self dumping iron remover","self-cleaning-electromagnetic-overband","self-cleaning drive details","data/products/products.json","needs COWIN engineering confirmation"
"rbcdd-explosion-proof-electromagnetic-self-dumping-iron-remover","RBCDD explosion-proof electromagnetic self dumping iron remover","self-cleaning-electromagnetic-overband","confirmed model/series drawing","data/products/products.json","needs COWIN engineering confirmation"
"rbcdd-explosion-proof-electromagnetic-self-dumping-iron-remover","RBCDD explosion-proof electromagnetic self dumping iron remover","self-cleaning-electromagnetic-overband","application-specific dimensions","data/products/products.json","needs COWIN engineering confirmation"
"rbcdd-explosion-proof-electromagnetic-self-dumping-iron-remover","RBCDD explosion-proof electromagnetic self dumping iron remover","self-cleaning-electromagnetic-overband","approved performance values","data/products/products.json","needs COWIN engineering confirmation"
"rbcdd-explosion-proof-electromagnetic-self-dumping-iron-remover","RBCDD explosion-proof electromagnetic self dumping iron remover","self-cleaning-electromagnetic-overband","verified options and exclusions","data/products/products.json","needs COWIN engineering confirmation"
"rbcdd-explosion-proof-electromagnetic-self-dumping-iron-remover","RBCDD explosion-proof electromagnetic self dumping iron remover","self-cleaning-electromagnetic-overband","reviewer approval","data/products/products.json","needs COWIN engineering confirmation"
"rbcyd-explosion-proof-permanent-magnet-self-dumping-iron-remover","RBCYD explosion-proof permanent magnet self dumping iron remover","permanent-overband-or-self-cleaning","self-cleaning belt arrangement","data/products/products.json","needs COWIN engineering confirmation"
"rbcyd-explosion-proof-permanent-magnet-self-dumping-iron-remover","RBCYD explosion-proof permanent magnet self dumping iron remover","permanent-overband-or-self-cleaning","drive details where applicable","data/products/products.json","needs COWIN engineering confirmation"
"rbcyd-explosion-proof-permanent-magnet-self-dumping-iron-remover","RBCYD explosion-proof permanent magnet self dumping iron remover","permanent-overband-or-self-cleaning","belt speed and duty","data/products/products.json","needs COWIN engineering confirmation"
"rbcyd-explosion-proof-permanent-magnet-self-dumping-iron-remover","RBCYD explosion-proof permanent magnet self dumping iron remover","permanent-overband-or-self-cleaning","confirmed model/series drawing","data/products/products.json","needs COWIN engineering confirmation"
"rbcyd-explosion-proof-permanent-magnet-self-dumping-iron-remover","RBCYD explosion-proof permanent magnet self dumping iron remover","permanent-overband-or-self-cleaning","application-specific dimensions","data/products/products.json","needs COWIN engineering confirmation"
"rbcyd-explosion-proof-permanent-magnet-self-dumping-iron-remover","RBCYD explosion-proof permanent magnet self dumping iron remover","permanent-overband-or-self-cleaning","approved performance values","data/products/products.json","needs COWIN engineering confirmation"
"rbcyd-explosion-proof-permanent-magnet-self-dumping-iron-remover","RBCYD explosion-proof permanent magnet self dumping iron remover","permanent-overband-or-self-cleaning","verified options and exclusions","data/products/products.json","needs COWIN engineering confirmation"
"rbcyd-explosion-proof-permanent-magnet-self-dumping-iron-remover","RBCYD explosion-proof permanent magnet self dumping iron remover","permanent-overband-or-self-cleaning","reviewer approval","data/products/products.json","needs COWIN engineering confirmation"
"rcda-type-air-cooled-electromagnetic-iron-remover","RCDA type air-cooled electromagnetic iron remover","suspended-electromagnetic-separator","input power","data/products/products.json","needs COWIN engineering confirmation"
"rcda-type-air-cooled-electromagnetic-iron-remover","RCDA type air-cooled electromagnetic iron remover","suspended-electromagnetic-separator","coil/cooling configuration","data/products/products.json","needs COWIN engineering confirmation"
"rcda-type-air-cooled-electromagnetic-iron-remover","RCDA type air-cooled electromagnetic iron remover","suspended-electromagnetic-separator","control cabinet requirements","data/products/products.json","needs COWIN engineering confirmation"
"rcda-type-air-cooled-electromagnetic-iron-remover","RCDA type air-cooled electromagnetic iron remover","suspended-electromagnetic-separator","confirmed model/series drawing","data/products/products.json","needs COWIN engineering confirmation"
"rcda-type-air-cooled-electromagnetic-iron-remover","RCDA type air-cooled electromagnetic iron remover","suspended-electromagnetic-separator","application-specific dimensions","data/products/products.json","needs COWIN engineering confirmation"
"rcda-type-air-cooled-electromagnetic-iron-remover","RCDA type air-cooled electromagnetic iron remover","suspended-electromagnetic-separator","approved performance values","data/products/products.json","needs COWIN engineering confirmation"
"rcda-type-air-cooled-electromagnetic-iron-remover","RCDA type air-cooled electromagnetic iron remover","suspended-electromagnetic-separator","verified options and exclusions","data/products/products.json","needs COWIN engineering confirmation"
"rcda-type-air-cooled-electromagnetic-iron-remover","RCDA type air-cooled electromagnetic iron remover","suspended-electromagnetic-separator","reviewer approval","data/products/products.json","needs COWIN engineering confirmation"
"rcdb-type-self-cooling-plate-electromagnetic-iron-remover","RCDB type self cooling plate electromagnetic iron remover","suspended-electromagnetic-separator","input power","data/products/products.json","needs COWIN engineering confirmation"
"rcdb-type-self-cooling-plate-electromagnetic-iron-remover","RCDB type self cooling plate electromagnetic iron remover","suspended-electromagnetic-separator","coil/cooling configuration","data/products/products.json","needs COWIN engineering confirmation"
"rcdb-type-self-cooling-plate-electromagnetic-iron-remover","RCDB type self cooling plate electromagnetic iron remover","suspended-electromagnetic-separator","control cabinet requirements","data/products/products.json","needs COWIN engineering confirmation"
"rcdb-type-self-cooling-plate-electromagnetic-iron-remover","RCDB type self cooling plate electromagnetic iron remover","suspended-electromagnetic-separator","confirmed model/series drawing","data/products/products.json","needs COWIN engineering confirmation"
"rcdb-type-self-cooling-plate-electromagnetic-iron-remover","RCDB type self cooling plate electromagnetic iron remover","suspended-electromagnetic-separator","application-specific dimensions","data/products/products.json","needs COWIN engineering confirmation"
"rcdb-type-self-cooling-plate-electromagnetic-iron-remover","RCDB type self cooling plate electromagnetic iron remover","suspended-electromagnetic-separator","approved performance values","data/products/products.json","needs COWIN engineering confirmation"
"rcdb-type-self-cooling-plate-electromagnetic-iron-remover","RCDB type self cooling plate electromagnetic iron remover","suspended-electromagnetic-separator","verified options and exclusions","data/products/products.json","needs COWIN engineering confirmation"
"rcdb-type-self-cooling-plate-electromagnetic-iron-remover","RCDB type self cooling plate electromagnetic iron remover","suspended-electromagnetic-separator","reviewer approval","data/products/products.json","needs COWIN engineering confirmation"
"rcdc-type-air-cooled-self-dumping-electromagnetic-iron-remover","RCDC type air-cooled self dumping electromagnetic iron remover","self-cleaning-electromagnetic-overband","input power","data/products/products.json","needs COWIN engineering confirmation"
"rcdc-type-air-cooled-self-dumping-electromagnetic-iron-remover","RCDC type air-cooled self dumping electromagnetic iron remover","self-cleaning-electromagnetic-overband","coil/cooling configuration","data/products/products.json","needs COWIN engineering confirmation"
"rcdc-type-air-cooled-self-dumping-electromagnetic-iron-remover","RCDC type air-cooled self dumping electromagnetic iron remover","self-cleaning-electromagnetic-overband","self-cleaning drive details","data/products/products.json","needs COWIN engineering confirmation"
"rcdc-type-air-cooled-self-dumping-electromagnetic-iron-remover","RCDC type air-cooled self dumping electromagnetic iron remover","self-cleaning-electromagnetic-overband","confirmed model/series drawing","data/products/products.json","needs COWIN engineering confirmation"
"rcdc-type-air-cooled-self-dumping-electromagnetic-iron-remover","RCDC type air-cooled self dumping electromagnetic iron remover","self-cleaning-electromagnetic-overband","application-specific dimensions","data/products/products.json","needs COWIN engineering confirmation"
"rcdc-type-air-cooled-self-dumping-electromagnetic-iron-remover","RCDC type air-cooled self dumping electromagnetic iron remover","self-cleaning-electromagnetic-overband","approved performance values","data/products/products.json","needs COWIN engineering confirmation"
"rcdc-type-air-cooled-self-dumping-electromagnetic-iron-remover","RCDC type air-cooled self dumping electromagnetic iron remover","self-cleaning-electromagnetic-overband","verified options and exclusions","data/products/products.json","needs COWIN engineering confirmation"
"rcdc-type-air-cooled-self-dumping-electromagnetic-iron-remover","RCDC type air-cooled self dumping electromagnetic iron remover","self-cleaning-electromagnetic-overband","reviewer approval","data/products/products.json","needs COWIN engineering confirmation"
"rcdd-type-self-cooling-self-dumping-electromagnetic-iron-remover","RCDD type self cooling self dumping electromagnetic iron remover","self-cleaning-electromagnetic-overband","input power","data/products/products.json","needs COWIN engineering confirmation"
"rcdd-type-self-cooling-self-dumping-electromagnetic-iron-remover","RCDD type self cooling self dumping electromagnetic iron remover","self-cleaning-electromagnetic-overband","coil/cooling configuration","data/products/products.json","needs COWIN engineering confirmation"
"rcdd-type-self-cooling-self-dumping-electromagnetic-iron-remover","RCDD type self cooling self dumping electromagnetic iron remover","self-cleaning-electromagnetic-overband","self-cleaning drive details","data/products/products.json","needs COWIN engineering confirmation"
"rcdd-type-self-cooling-self-dumping-electromagnetic-iron-remover","RCDD type self cooling self dumping electromagnetic iron remover","self-cleaning-electromagnetic-overband","confirmed model/series drawing","data/products/products.json","needs COWIN engineering confirmation"
"rcdd-type-self-cooling-self-dumping-electromagnetic-iron-remover","RCDD type self cooling self dumping electromagnetic iron remover","self-cleaning-electromagnetic-overband","application-specific dimensions","data/products/products.json","needs COWIN engineering confirmation"
"rcdd-type-self-cooling-self-dumping-electromagnetic-iron-remover","RCDD type self cooling self dumping electromagnetic iron remover","self-cleaning-electromagnetic-overband","approved performance values","data/products/products.json","needs COWIN engineering confirmation"
"rcdd-type-self-cooling-self-dumping-electromagnetic-iron-remover","RCDD type self cooling self dumping electromagnetic iron remover","self-cleaning-electromagnetic-overband","verified options and exclusions","data/products/products.json","needs COWIN engineering confirmation"
"rcdd-type-self-cooling-self-dumping-electromagnetic-iron-remover","RCDD type self cooling self dumping electromagnetic iron remover","self-cleaning-electromagnetic-overband","reviewer approval","data/products/products.json","needs COWIN engineering confirmation"
"rcde-type-oil-cooled-electromagnetic-iron-remover","RCDE type oil cooled electromagnetic iron remover","suspended-electromagnetic-separator","input power","data/products/products.json","needs COWIN engineering confirmation"
"rcde-type-oil-cooled-electromagnetic-iron-remover","RCDE type oil cooled electromagnetic iron remover","suspended-electromagnetic-separator","coil/cooling configuration","data/products/products.json","needs COWIN engineering confirmation"
"rcde-type-oil-cooled-electromagnetic-iron-remover","RCDE type oil cooled electromagnetic iron remover","suspended-electromagnetic-separator","control cabinet requirements","data/products/products.json","needs COWIN engineering confirmation"
"rcde-type-oil-cooled-electromagnetic-iron-remover","RCDE type oil cooled electromagnetic iron remover","suspended-electromagnetic-separator","confirmed model/series drawing","data/products/products.json","needs COWIN engineering confirmation"
"rcde-type-oil-cooled-electromagnetic-iron-remover","RCDE type oil cooled electromagnetic iron remover","suspended-electromagnetic-separator","application-specific dimensions","data/products/products.json","needs COWIN engineering confirmation"
"rcde-type-oil-cooled-electromagnetic-iron-remover","RCDE type oil cooled electromagnetic iron remover","suspended-electromagnetic-separator","approved performance values","data/products/products.json","needs COWIN engineering confirmation"
"rcde-type-oil-cooled-electromagnetic-iron-remover","RCDE type oil cooled electromagnetic iron remover","suspended-electromagnetic-separator","verified options and exclusions","data/products/products.json","needs COWIN engineering confirmation"
"rcde-type-oil-cooled-electromagnetic-iron-remover","RCDE type oil cooled electromagnetic iron remover","suspended-electromagnetic-separator","reviewer approval","data/products/products.json","needs COWIN engineering confirmation"
"rcdf-oil-cooled-self-dumping-electromagnetic-iron-remover","RCDF oil cooled self dumping electromagnetic iron remover","self-cleaning-electromagnetic-overband","input power","data/products/products.json","needs COWIN engineering confirmation"
"rcdf-oil-cooled-self-dumping-electromagnetic-iron-remover","RCDF oil cooled self dumping electromagnetic iron remover","self-cleaning-electromagnetic-overband","coil/cooling configuration","data/products/products.json","needs COWIN engineering confirmation"
"rcdf-oil-cooled-self-dumping-electromagnetic-iron-remover","RCDF oil cooled self dumping electromagnetic iron remover","self-cleaning-electromagnetic-overband","self-cleaning drive details","data/products/products.json","needs COWIN engineering confirmation"
"rcdf-oil-cooled-self-dumping-electromagnetic-iron-remover","RCDF oil cooled self dumping electromagnetic iron remover","self-cleaning-electromagnetic-overband","confirmed model/series drawing","data/products/products.json","needs COWIN engineering confirmation"
"rcdf-oil-cooled-self-dumping-electromagnetic-iron-remover","RCDF oil cooled self dumping electromagnetic iron remover","self-cleaning-electromagnetic-overband","application-specific dimensions","data/products/products.json","needs COWIN engineering confirmation"
"rcdf-oil-cooled-self-dumping-electromagnetic-iron-remover","RCDF oil cooled self dumping electromagnetic iron remover","self-cleaning-electromagnetic-overband","approved performance values","data/products/products.json","needs COWIN engineering confirmation"
"rcdf-oil-cooled-self-dumping-electromagnetic-iron-remover","RCDF oil cooled self dumping electromagnetic iron remover","self-cleaning-electromagnetic-overband","verified options and exclusions","data/products/products.json","needs COWIN engineering confirmation"
"rcdf-oil-cooled-self-dumping-electromagnetic-iron-remover","RCDF oil cooled self dumping electromagnetic iron remover","self-cleaning-electromagnetic-overband","reviewer approval","data/products/products.json","needs COWIN engineering confirmation"
"rcdfj-type-forced-oil-circulation-self-dumping-electromagnetic-iron-remover","RCDFJ type forced oil circulation self dumping electromagnetic iron remover","self-cleaning-electromagnetic-overband","input power","data/products/products.json","needs COWIN engineering confirmation"
"rcdfj-type-forced-oil-circulation-self-dumping-electromagnetic-iron-remover","RCDFJ type forced oil circulation self dumping electromagnetic iron remover","self-cleaning-electromagnetic-overband","coil/cooling configuration","data/products/products.json","needs COWIN engineering confirmation"
"rcdfj-type-forced-oil-circulation-self-dumping-electromagnetic-iron-remover","RCDFJ type forced oil circulation self dumping electromagnetic iron remover","self-cleaning-electromagnetic-overband","self-cleaning drive details","data/products/products.json","needs COWIN engineering confirmation"
"rcdfj-type-forced-oil-circulation-self-dumping-electromagnetic-iron-remover","RCDFJ type forced oil circulation self dumping electromagnetic iron remover","self-cleaning-electromagnetic-overband","confirmed model/series drawing","data/products/products.json","needs COWIN engineering confirmation"
"rcdfj-type-forced-oil-circulation-self-dumping-electromagnetic-iron-remover","RCDFJ type forced oil circulation self dumping electromagnetic iron remover","self-cleaning-electromagnetic-overband","application-specific dimensions","data/products/products.json","needs COWIN engineering confirmation"
"rcdfj-type-forced-oil-circulation-self-dumping-electromagnetic-iron-remover","RCDFJ type forced oil circulation self dumping electromagnetic iron remover","self-cleaning-electromagnetic-overband","approved performance values","data/products/products.json","needs COWIN engineering confirmation"
"rcdfj-type-forced-oil-circulation-self-dumping-electromagnetic-iron-remover","RCDFJ type forced oil circulation self dumping electromagnetic iron remover","self-cleaning-electromagnetic-overband","verified options and exclusions","data/products/products.json","needs COWIN engineering confirmation"
"rcdfj-type-forced-oil-circulation-self-dumping-electromagnetic-iron-remover","RCDFJ type forced oil circulation self dumping electromagnetic iron remover","self-cleaning-electromagnetic-overband","reviewer approval","data/products/products.json","needs COWIN engineering confirmation"
"rcps-self-dumping-disc-type-permanent-magnet-iron-remover","RCPS self dumping disc type permanent magnet iron remover","permanent-overband-or-self-cleaning","self-cleaning belt arrangement","data/products/products.json","needs COWIN engineering confirmation"
"rcps-self-dumping-disc-type-permanent-magnet-iron-remover","RCPS self dumping disc type permanent magnet iron remover","permanent-overband-or-self-cleaning","drive details where applicable","data/products/products.json","needs COWIN engineering confirmation"
"rcps-self-dumping-disc-type-permanent-magnet-iron-remover","RCPS self dumping disc type permanent magnet iron remover","permanent-overband-or-self-cleaning","belt speed and duty","data/products/products.json","needs COWIN engineering confirmation"
"rcps-self-dumping-disc-type-permanent-magnet-iron-remover","RCPS self dumping disc type permanent magnet iron remover","permanent-overband-or-self-cleaning","confirmed model/series drawing","data/products/products.json","needs COWIN engineering confirmation"
"rcps-self-dumping-disc-type-permanent-magnet-iron-remover","RCPS self dumping disc type permanent magnet iron remover","permanent-overband-or-self-cleaning","application-specific dimensions","data/products/products.json","needs COWIN engineering confirmation"
"rcps-self-dumping-disc-type-permanent-magnet-iron-remover","RCPS self dumping disc type permanent magnet iron remover","permanent-overband-or-self-cleaning","approved performance values","data/products/products.json","needs COWIN engineering confirmation"
"rcps-self-dumping-disc-type-permanent-magnet-iron-remover","RCPS self dumping disc type permanent magnet iron remover","permanent-overband-or-self-cleaning","verified options and exclusions","data/products/products.json","needs COWIN engineering confirmation"
"rcps-self-dumping-disc-type-permanent-magnet-iron-remover","RCPS self dumping disc type permanent magnet iron remover","permanent-overband-or-self-cleaning","reviewer approval","data/products/products.json","needs COWIN engineering confirmation"
"rcya-type-inclined-pipeline-permanent-magnet-iron-remover","RCYA type inclined pipeline permanent magnet iron remover","magnetic-filter-or-component","correct product family and working principle","data/products/products.json","needs COWIN engineering confirmation"
"rcya-type-inclined-pipeline-permanent-magnet-iron-remover","RCYA type inclined pipeline permanent magnet iron remover","magnetic-filter-or-component","confirmed model/series drawing","data/products/products.json","needs COWIN engineering confirmation"
"rcya-type-inclined-pipeline-permanent-magnet-iron-remover","RCYA type inclined pipeline permanent magnet iron remover","magnetic-filter-or-component","application-specific dimensions","data/products/products.json","needs COWIN engineering confirmation"
"rcya-type-inclined-pipeline-permanent-magnet-iron-remover","RCYA type inclined pipeline permanent magnet iron remover","magnetic-filter-or-component","approved performance values","data/products/products.json","needs COWIN engineering confirmation"
"rcya-type-inclined-pipeline-permanent-magnet-iron-remover","RCYA type inclined pipeline permanent magnet iron remover","magnetic-filter-or-component","verified options and exclusions","data/products/products.json","needs COWIN engineering confirmation"
"rcya-type-inclined-pipeline-permanent-magnet-iron-remover","RCYA type inclined pipeline permanent magnet iron remover","magnetic-filter-or-component","reviewer approval","data/products/products.json","needs COWIN engineering confirmation"
"rcyb-type-permanent-magnet-manual-iron-remover","RCYB type permanent magnet manual iron remover","suspended-permanent-magnetic-separator","installation orientation","data/products/products.json","needs COWIN engineering confirmation"
"rcyb-type-permanent-magnet-manual-iron-remover","RCYB type permanent magnet manual iron remover","suspended-permanent-magnetic-separator","manual cleaning method","data/products/products.json","needs COWIN engineering confirmation"
"rcyb-type-permanent-magnet-manual-iron-remover","RCYB type permanent magnet manual iron remover","suspended-permanent-magnetic-separator","suspension height","data/products/products.json","needs COWIN engineering confirmation"
"rcyb-type-permanent-magnet-manual-iron-remover","RCYB type permanent magnet manual iron remover","suspended-permanent-magnetic-separator","confirmed model/series drawing","data/products/products.json","needs COWIN engineering confirmation"
"rcyb-type-permanent-magnet-manual-iron-remover","RCYB type permanent magnet manual iron remover","suspended-permanent-magnetic-separator","application-specific dimensions","data/products/products.json","needs COWIN engineering confirmation"
"rcyb-type-permanent-magnet-manual-iron-remover","RCYB type permanent magnet manual iron remover","suspended-permanent-magnetic-separator","approved performance values","data/products/products.json","needs COWIN engineering confirmation"
"rcyb-type-permanent-magnet-manual-iron-remover","RCYB type permanent magnet manual iron remover","suspended-permanent-magnetic-separator","verified options and exclusions","data/products/products.json","needs COWIN engineering confirmation"
"rcyb-type-permanent-magnet-manual-iron-remover","RCYB type permanent magnet manual iron remover","suspended-permanent-magnetic-separator","reviewer approval","data/products/products.json","needs COWIN engineering confirmation"
"rcyd-type-permanent-magnet-self-dumping-iron-remover","RCYD type permanent magnet self dumping iron remover","permanent-overband-or-self-cleaning","self-cleaning belt arrangement","data/products/products.json","needs COWIN engineering confirmation"
"rcyd-type-permanent-magnet-self-dumping-iron-remover","RCYD type permanent magnet self dumping iron remover","permanent-overband-or-self-cleaning","drive details where applicable","data/products/products.json","needs COWIN engineering confirmation"
"rcyd-type-permanent-magnet-self-dumping-iron-remover","RCYD type permanent magnet self dumping iron remover","permanent-overband-or-self-cleaning","belt speed and duty","data/products/products.json","needs COWIN engineering confirmation"
"rcyd-type-permanent-magnet-self-dumping-iron-remover","RCYD type permanent magnet self dumping iron remover","permanent-overband-or-self-cleaning","confirmed model/series drawing","data/products/products.json","needs COWIN engineering confirmation"
"rcyd-type-permanent-magnet-self-dumping-iron-remover","RCYD type permanent magnet self dumping iron remover","permanent-overband-or-self-cleaning","application-specific dimensions","data/products/products.json","needs COWIN engineering confirmation"
"rcyd-type-permanent-magnet-self-dumping-iron-remover","RCYD type permanent magnet self dumping iron remover","permanent-overband-or-self-cleaning","approved performance values","data/products/products.json","needs COWIN engineering confirmation"
"rcyd-type-permanent-magnet-self-dumping-iron-remover","RCYD type permanent magnet self dumping iron remover","permanent-overband-or-self-cleaning","verified options and exclusions","data/products/products.json","needs COWIN engineering confirmation"
"rcyd-type-permanent-magnet-self-dumping-iron-remover","RCYD type permanent magnet self dumping iron remover","permanent-overband-or-self-cleaning","reviewer approval","data/products/products.json","needs COWIN engineering confirmation"
"rcydii-type-permanent-magnet-self-dumping-iron-remover","RCYDII type permanent magnet self dumping iron remover","permanent-overband-or-self-cleaning","self-cleaning belt arrangement","data/products/products.json","needs COWIN engineering confirmation"
"rcydii-type-permanent-magnet-self-dumping-iron-remover","RCYDII type permanent magnet self dumping iron remover","permanent-overband-or-self-cleaning","drive details where applicable","data/products/products.json","needs COWIN engineering confirmation"
"rcydii-type-permanent-magnet-self-dumping-iron-remover","RCYDII type permanent magnet self dumping iron remover","permanent-overband-or-self-cleaning","belt speed and duty","data/products/products.json","needs COWIN engineering confirmation"
"rcydii-type-permanent-magnet-self-dumping-iron-remover","RCYDII type permanent magnet self dumping iron remover","permanent-overband-or-self-cleaning","confirmed model/series drawing","data/products/products.json","needs COWIN engineering confirmation"
"rcydii-type-permanent-magnet-self-dumping-iron-remover","RCYDII type permanent magnet self dumping iron remover","permanent-overband-or-self-cleaning","application-specific dimensions","data/products/products.json","needs COWIN engineering confirmation"
"rcydii-type-permanent-magnet-self-dumping-iron-remover","RCYDII type permanent magnet self dumping iron remover","permanent-overband-or-self-cleaning","approved performance values","data/products/products.json","needs COWIN engineering confirmation"
"rcydii-type-permanent-magnet-self-dumping-iron-remover","RCYDII type permanent magnet self dumping iron remover","permanent-overband-or-self-cleaning","verified options and exclusions","data/products/products.json","needs COWIN engineering confirmation"
"rcydii-type-permanent-magnet-self-dumping-iron-remover","RCYDII type permanent magnet self dumping iron remover","permanent-overband-or-self-cleaning","reviewer approval","data/products/products.json","needs COWIN engineering confirmation"
"rcye-type-permanent-magnet-self-dumping-iron-remover","RCYE type permanent magnet self dumping iron remover","permanent-overband-or-self-cleaning","self-cleaning belt arrangement","data/products/products.json","needs COWIN engineering confirmation"
"rcye-type-permanent-magnet-self-dumping-iron-remover","RCYE type permanent magnet self dumping iron remover","permanent-overband-or-self-cleaning","drive details where applicable","data/products/products.json","needs COWIN engineering confirmation"
"rcye-type-permanent-magnet-self-dumping-iron-remover","RCYE type permanent magnet self dumping iron remover","permanent-overband-or-self-cleaning","belt speed and duty","data/products/products.json","needs COWIN engineering confirmation"
"rcye-type-permanent-magnet-self-dumping-iron-remover","RCYE type permanent magnet self dumping iron remover","permanent-overband-or-self-cleaning","confirmed model/series drawing","data/products/products.json","needs COWIN engineering confirmation"
"rcye-type-permanent-magnet-self-dumping-iron-remover","RCYE type permanent magnet self dumping iron remover","permanent-overband-or-self-cleaning","application-specific dimensions","data/products/products.json","needs COWIN engineering confirmation"
"rcye-type-permanent-magnet-self-dumping-iron-remover","RCYE type permanent magnet self dumping iron remover","permanent-overband-or-self-cleaning","approved performance values","data/products/products.json","needs COWIN engineering confirmation"
"rcye-type-permanent-magnet-self-dumping-iron-remover","RCYE type permanent magnet self dumping iron remover","permanent-overband-or-self-cleaning","verified options and exclusions","data/products/products.json","needs COWIN engineering confirmation"
"rcye-type-permanent-magnet-self-dumping-iron-remover","RCYE type permanent magnet self dumping iron remover","permanent-overband-or-self-cleaning","reviewer approval","data/products/products.json","needs COWIN engineering confirmation"
"rcyf-type-vertical-pipeline-permanent-magnet-iron-remover","RCYF type vertical pipeline permanent magnet iron remover","magnetic-filter-or-component","correct product family and working principle","data/products/products.json","needs COWIN engineering confirmation"
"rcyf-type-vertical-pipeline-permanent-magnet-iron-remover","RCYF type vertical pipeline permanent magnet iron remover","magnetic-filter-or-component","confirmed model/series drawing","data/products/products.json","needs COWIN engineering confirmation"
"rcyf-type-vertical-pipeline-permanent-magnet-iron-remover","RCYF type vertical pipeline permanent magnet iron remover","magnetic-filter-or-component","application-specific dimensions","data/products/products.json","needs COWIN engineering confirmation"
"rcyf-type-vertical-pipeline-permanent-magnet-iron-remover","RCYF type vertical pipeline permanent magnet iron remover","magnetic-filter-or-component","approved performance values","data/products/products.json","needs COWIN engineering confirmation"
"rcyf-type-vertical-pipeline-permanent-magnet-iron-remover","RCYF type vertical pipeline permanent magnet iron remover","magnetic-filter-or-component","verified options and exclusions","data/products/products.json","needs COWIN engineering confirmation"
"rcyf-type-vertical-pipeline-permanent-magnet-iron-remover","RCYF type vertical pipeline permanent magnet iron remover","magnetic-filter-or-component","reviewer approval","data/products/products.json","needs COWIN engineering confirmation"
"rcyg-type-pipeline-self-dumping-permanent-magnet-iron-remover","RCYG type pipeline self dumping permanent magnet iron remover","magnetic-filter-or-component","correct product family and working principle","data/products/products.json","needs COWIN engineering confirmation"
"rcyg-type-pipeline-self-dumping-permanent-magnet-iron-remover","RCYG type pipeline self dumping permanent magnet iron remover","magnetic-filter-or-component","confirmed model/series drawing","data/products/products.json","needs COWIN engineering confirmation"
"rcyg-type-pipeline-self-dumping-permanent-magnet-iron-remover","RCYG type pipeline self dumping permanent magnet iron remover","magnetic-filter-or-component","application-specific dimensions","data/products/products.json","needs COWIN engineering confirmation"
"rcyg-type-pipeline-self-dumping-permanent-magnet-iron-remover","RCYG type pipeline self dumping permanent magnet iron remover","magnetic-filter-or-component","approved performance values","data/products/products.json","needs COWIN engineering confirmation"
"rcyg-type-pipeline-self-dumping-permanent-magnet-iron-remover","RCYG type pipeline self dumping permanent magnet iron remover","magnetic-filter-or-component","verified options and exclusions","data/products/products.json","needs COWIN engineering confirmation"
"rcyg-type-pipeline-self-dumping-permanent-magnet-iron-remover","RCYG type pipeline self dumping permanent magnet iron remover","magnetic-filter-or-component","reviewer approval","data/products/products.json","needs COWIN engineering confirmation"
"rcyp-type-permanent-magnet-manual-self-dumping-iron-remover","RCYP type permanent magnet manual self dumping iron remover","permanent-overband-or-self-cleaning","self-cleaning belt arrangement","data/products/products.json","needs COWIN engineering confirmation"
"rcyp-type-permanent-magnet-manual-self-dumping-iron-remover","RCYP type permanent magnet manual self dumping iron remover","permanent-overband-or-self-cleaning","drive details where applicable","data/products/products.json","needs COWIN engineering confirmation"
"rcyp-type-permanent-magnet-manual-self-dumping-iron-remover","RCYP type permanent magnet manual self dumping iron remover","permanent-overband-or-self-cleaning","belt speed and duty","data/products/products.json","needs COWIN engineering confirmation"
"rcyp-type-permanent-magnet-manual-self-dumping-iron-remover","RCYP type permanent magnet manual self dumping iron remover","permanent-overband-or-self-cleaning","confirmed model/series drawing","data/products/products.json","needs COWIN engineering confirmation"
"rcyp-type-permanent-magnet-manual-self-dumping-iron-remover","RCYP type permanent magnet manual self dumping iron remover","permanent-overband-or-self-cleaning","application-specific dimensions","data/products/products.json","needs COWIN engineering confirmation"
"rcyp-type-permanent-magnet-manual-self-dumping-iron-remover","RCYP type permanent magnet manual self dumping iron remover","permanent-overband-or-self-cleaning","approved performance values","data/products/products.json","needs COWIN engineering confirmation"
"rcyp-type-permanent-magnet-manual-self-dumping-iron-remover","RCYP type permanent magnet manual self dumping iron remover","permanent-overband-or-self-cleaning","verified options and exclusions","data/products/products.json","needs COWIN engineering confirmation"
"rcyp-type-permanent-magnet-manual-self-dumping-iron-remover","RCYP type permanent magnet manual self dumping iron remover","permanent-overband-or-self-cleaning","reviewer approval","data/products/products.json","needs COWIN engineering confirmation"
"rcyz-type-vertical-pipeline-permanent-magnet-iron-remover","RCYZ type vertical pipeline permanent magnet iron remover","magnetic-filter-or-component","correct product family and working principle","data/products/products.json","needs COWIN engineering confirmation"
"rcyz-type-vertical-pipeline-permanent-magnet-iron-remover","RCYZ type vertical pipeline permanent magnet iron remover","magnetic-filter-or-component","confirmed model/series drawing","data/products/products.json","needs COWIN engineering confirmation"
"rcyz-type-vertical-pipeline-permanent-magnet-iron-remover","RCYZ type vertical pipeline permanent magnet iron remover","magnetic-filter-or-component","application-specific dimensions","data/products/products.json","needs COWIN engineering confirmation"
"rcyz-type-vertical-pipeline-permanent-magnet-iron-remover","RCYZ type vertical pipeline permanent magnet iron remover","magnetic-filter-or-component","approved performance values","data/products/products.json","needs COWIN engineering confirmation"
"rcyz-type-vertical-pipeline-permanent-magnet-iron-remover","RCYZ type vertical pipeline permanent magnet iron remover","magnetic-filter-or-component","verified options and exclusions","data/products/products.json","needs COWIN engineering confirmation"
"rcyz-type-vertical-pipeline-permanent-magnet-iron-remover","RCYZ type vertical pipeline permanent magnet iron remover","magnetic-filter-or-component","reviewer approval","data/products/products.json","needs COWIN engineering confirmation"
"suspended-electromagnetic-conveyor-belt-separator","Suspended Electromagnetic Conveyor Belt Separator","suspended-electromagnetic-separator","input power","data/products/products.json","needs COWIN engineering confirmation"
"suspended-electromagnetic-conveyor-belt-separator","Suspended Electromagnetic Conveyor Belt Separator","suspended-electromagnetic-separator","coil/cooling configuration","data/products/products.json","needs COWIN engineering confirmation"
"suspended-electromagnetic-conveyor-belt-separator","Suspended Electromagnetic Conveyor Belt Separator","suspended-electromagnetic-separator","control cabinet requirements","data/products/products.json","needs COWIN engineering confirmation"
"suspended-electromagnetic-conveyor-belt-separator","Suspended Electromagnetic Conveyor Belt Separator","suspended-electromagnetic-separator","confirmed model/series drawing","data/products/products.json","needs COWIN engineering confirmation"
"suspended-electromagnetic-conveyor-belt-separator","Suspended Electromagnetic Conveyor Belt Separator","suspended-electromagnetic-separator","application-specific dimensions","data/products/products.json","needs COWIN engineering confirmation"
"suspended-electromagnetic-conveyor-belt-separator","Suspended Electromagnetic Conveyor Belt Separator","suspended-electromagnetic-separator","approved performance values","data/products/products.json","needs COWIN engineering confirmation"
"suspended-electromagnetic-conveyor-belt-separator","Suspended Electromagnetic Conveyor Belt Separator","suspended-electromagnetic-separator","verified options and exclusions","data/products/products.json","needs COWIN engineering confirmation"
"suspended-electromagnetic-conveyor-belt-separator","Suspended Electromagnetic Conveyor Belt Separator","suspended-electromagnetic-separator","reviewer approval","data/products/products.json","needs COWIN engineering confirmation"
"suspended-permanent-magnetic-separator","Suspended Permanent Magnetic Separator","suspended-permanent-magnetic-separator","installation orientation","data/products/products.json","needs COWIN engineering confirmation"
"suspended-permanent-magnetic-separator","Suspended Permanent Magnetic Separator","suspended-permanent-magnetic-separator","manual cleaning method","data/products/products.json","needs COWIN engineering confirmation"
"suspended-permanent-magnetic-separator","Suspended Permanent Magnetic Separator","suspended-permanent-magnetic-separator","suspension height","data/products/products.json","needs COWIN engineering confirmation"
"suspended-permanent-magnetic-separator","Suspended Permanent Magnetic Separator","suspended-permanent-magnetic-separator","confirmed model/series drawing","data/products/products.json","needs COWIN engineering confirmation"
"suspended-permanent-magnetic-separator","Suspended Permanent Magnetic Separator","suspended-permanent-magnetic-separator","application-specific dimensions","data/products/products.json","needs COWIN engineering confirmation"
"suspended-permanent-magnetic-separator","Suspended Permanent Magnetic Separator","suspended-permanent-magnetic-separator","approved performance values","data/products/products.json","needs COWIN engineering confirmation"
"suspended-permanent-magnetic-separator","Suspended Permanent Magnetic Separator","suspended-permanent-magnetic-separator","verified options and exclusions","data/products/products.json","needs COWIN engineering confirmation"
"suspended-permanent-magnetic-separator","Suspended Permanent Magnetic Separator","suspended-permanent-magnetic-separator","reviewer approval","data/products/products.json","needs COWIN engineering confirmation"
