"url","title","description","canonical","hreflang","canonicalStatus","indexStatus"
"https://cowinmagnet.co.za/en-za/404/","Page Not Found | Cowinmagnet South Africa","Page not found. Return home, view products, search website or contact Cowinmagnet.","https://cowinmagnet.co.za/en-za/404/","en-ZA=https://cowinmagnet.co.za/en-za/404/; x-default=https://www.cowinmagnet.com/","valid","index,follow"
"https://cowinmagnet.co.za/en-za/about/company-profile/","Company Profile | Cowinmagnet","About Cowinmagnet company-profile support for magnetic separation equipment export projects.","https://cowinmagnet.co.za/en-za/about/company-profile/","en-ZA=https://cowinmagnet.co.za/en-za/about/company-profile/; x-default=https://www.cowinmagnet.com/","valid","index,follow"
"https://cowinmagnet.co.za/en-za/about/export-service/","Export Service | Cowinmagnet","About Cowinmagnet export-service support for magnetic separation equipment export projects.","https://cowinmagnet.co.za/en-za/about/export-service/","en-ZA=https://cowinmagnet.co.za/en-za/about/export-service/; x-default=https://www.cowinmagnet.com/","valid","index,follow"
"https://cowinmagnet.co.za/en-za/about/","About Cowinmagnet | South Africa and Africa Magnetic Separator Partner","Learn about Cowinmagnet as a magnetic separation equipment solution, export and service partner for African projects.","https://cowinmagnet.co.za/en-za/about/","en-ZA=https://cowinmagnet.co.za/en-za/about/; x-default=https://www.cowinmagnet.com/","valid","index,follow"
"https://cowinmagnet.co.za/en-za/about/oem-odm-coordination/","Oem Odm Coordination | Cowinmagnet","About Cowinmagnet oem-odm-coordination support for magnetic separation equipment export projects.","https://cowinmagnet.co.za/en-za/about/oem-odm-coordination/","en-ZA=https://cowinmagnet.co.za/en-za/about/oem-odm-coordination/; x-default=https://www.cowinmagnet.com/","valid","index,follow"
"https://cowinmagnet.co.za/en-za/about/quality-control/","Quality Control | Cowinmagnet","About Cowinmagnet quality-control support for magnetic separation equipment export projects.","https://cowinmagnet.co.za/en-za/about/quality-control/","en-ZA=https://cowinmagnet.co.za/en-za/about/quality-control/; x-default=https://www.cowinmagnet.com/","valid","index,follow"
"https://cowinmagnet.co.za/en-za/about/why-choose-us/","Why Choose Us | Cowinmagnet","About Cowinmagnet why-choose-us support for magnetic separation equipment export projects.","https://cowinmagnet.co.za/en-za/about/why-choose-us/","en-ZA=https://cowinmagnet.co.za/en-za/about/why-choose-us/; x-default=https://www.cowinmagnet.com/","valid","index,follow"
"https://cowinmagnet.co.za/en-za/blog/crusher-protection-in-mining/","Crusher Protection in Mining | Cowinmagnet News","How magnetic separation supports crusher protection. Learn about magnetic separator selection for South Africa and African markets.","https://cowinmagnet.co.za/en-za/blog/crusher-protection-in-mining/","en-ZA=https://cowinmagnet.co.za/en-za/blog/crusher-protection-in-mining/; x-default=https://www.cowinmagnet.com/","valid","index,follow"
"https://cowinmagnet.co.za/en-za/blog/how-to-select-an-overband-magnet/","How to Select an Overband Magnet | Cowinmagnet News","Selection factors for conveyor magnets in mining and industrial applications.","https://cowinmagnet.co.za/en-za/blog/how-to-select-an-overband-magnet/","en-ZA=https://cowinmagnet.co.za/en-za/blog/how-to-select-an-overband-magnet/; x-default=https://www.cowinmagnet.com/","valid","index,follow"
"https://cowinmagnet.co.za/en-za/blog/","News Archive | Cowinmagnet South Africa","Legacy blog archive for Cowinmagnet South Africa news and magnetic separator articles.","https://cowinmagnet.co.za/en-za/blog/","en-ZA=https://cowinmagnet.co.za/en-za/blog/; x-default=https://www.cowinmagnet.com/","valid","index,follow"
"https://cowinmagnet.co.za/en-za/blog/magnetic-separator-for-coal-handling/","Magnetic Separator for Coal Handling | Cowinmagnet News","Key considerations for coal conveyors and transfer points. Learn about magnetic separator selection for South Africa and African markets.","https://cowinmagnet.co.za/en-za/blog/magnetic-separator-for-coal-handling/","en-ZA=https://cowinmagnet.co.za/en-za/blog/magnetic-separator-for-coal-handling/; x-default=https://www.cowinmagnet.com/","valid","index,follow"
"https://cowinmagnet.co.za/en-za/blog/magnetic-separator-maintenance/","Magnetic Separator Maintenance | Cowinmagnet News","Maintenance planning for suspended magnets and overband separators.","https://cowinmagnet.co.za/en-za/blog/magnetic-separator-maintenance/","en-ZA=https://cowinmagnet.co.za/en-za/blog/magnetic-separator-maintenance/; x-default=https://www.cowinmagnet.com/","valid","index,follow"
"https://cowinmagnet.co.za/en-za/blog/permanent-vs-electromagnetic-separator/","Permanent vs Electromagnetic Separator | Cowinmagnet News","How to compare permanent and electromagnetic separator options.","https://cowinmagnet.co.za/en-za/blog/permanent-vs-electromagnetic-separator/","en-ZA=https://cowinmagnet.co.za/en-za/blog/permanent-vs-electromagnetic-separator/; x-default=https://www.cowinmagnet.com/","valid","index,follow"
"https://cowinmagnet.co.za/en-za/contact/","Contact Cowinmagnet South Africa | Magnetic Separator Support","Contact Cowinmagnet for magnetic separation equipment selection, export coordination and African project support.","https://cowinmagnet.co.za/en-za/contact/","en-ZA=https://cowinmagnet.co.za/en-za/contact/; x-default=https://www.cowinmagnet.com/","valid","index,follow"
"https://cowinmagnet.co.za/en-za/cookie-policy/","Cookie Policy | Cowinmagnet","cookie-policy for Cowinmagnet South Africa and Africa local prototype.","https://cowinmagnet.co.za/en-za/cookie-policy/","en-ZA=https://cowinmagnet.co.za/en-za/cookie-policy/; x-default=https://www.cowinmagnet.com/","valid","index,follow"
"https://cowinmagnet.co.za/en-za/downloads/","Downloads | Cowinmagnet South Africa","Configurable download centre for catalogues, datasheets, drawings, questionnaires, manuals and spare parts lists.","https://cowinmagnet.co.za/en-za/downloads/","en-ZA=https://cowinmagnet.co.za/en-za/downloads/; x-default=https://www.cowinmagnet.com/","valid","index,follow"
"https://cowinmagnet.co.za/en-za/","Magnetic Separator South Africa | Mining and Conveyor Magnets","Cowinmagnet provides permanent and electromagnetic magnetic separation equipment for mining, coal, quarrying, recycling, cement and conveyor systems in South Africa and across...","https://cowinmagnet.co.za/en-za/","en-ZA=https://cowinmagnet.co.za/en-za/; x-default=https://www.cowinmagnet.com/","valid","index,follow"
"https://cowinmagnet.co.za/en-za/industries/aggregates-quarries-and-cement/","Aggregates, Quarries and Cement Magnetic Separator Applications | Cow...","Aggregates, Quarries and Cement magnetic separation equipment selection for South Africa and African industrial projects.","https://cowinmagnet.co.za/en-za/industries/aggregates-quarries-and-cement/","en-ZA=https://cowinmagnet.co.za/en-za/industries/aggregates-quarries-and-cement/; x-default=https://www.cowinmagnet.com/","valid","index,follow"
"https://cowinmagnet.co.za/en-za/industries/cement/","Cement Magnetic Separator Applications | Cowinmagnet","Cement magnetic separation equipment selection for South Africa and African industrial projects.","https://cowinmagnet.co.za/en-za/industries/cement/","en-ZA=https://cowinmagnet.co.za/en-za/industries/cement/; x-default=https://www.cowinmagnet.com/","valid","index,follow"
"https://cowinmagnet.co.za/en-za/industries/chrome-ore/","Chrome Ore Magnetic Separator Applications | Cowinmagnet","Chrome Ore magnetic separation equipment selection for South Africa and African industrial projects.","https://cowinmagnet.co.za/en-za/industries/chrome-ore/","en-ZA=https://cowinmagnet.co.za/en-za/industries/chrome-ore/; x-default=https://www.cowinmagnet.com/","valid","index,follow"
"https://cowinmagnet.co.za/en-za/industries/coal-handling/","Coal Handling Magnetic Separator Applications | Cowinmagnet","Coal Handling magnetic separation equipment selection for South Africa and African industrial projects.","https://cowinmagnet.co.za/en-za/industries/coal-handling/","en-ZA=https://cowinmagnet.co.za/en-za/industries/coal-handling/; x-default=https://www.cowinmagnet.com/","valid","index,follow"
"https://cowinmagnet.co.za/en-za/industries/coal-handling-and-washing/","Coal Handling and Washing Magnetic Separator Applications | Cowinmagnet","Coal Handling and Washing magnetic separation equipment selection for South Africa and African industrial projects.","https://cowinmagnet.co.za/en-za/industries/coal-handling-and-washing/","en-ZA=https://cowinmagnet.co.za/en-za/industries/coal-handling-and-washing/; x-default=https://www.cowinmagnet.com/","valid","index,follow"
"https://cowinmagnet.co.za/en-za/industries/conveyor-systems/","Conveyor Systems Magnetic Separator Applications | Cowinmagnet","Conveyor Systems magnetic separation equipment selection for South Africa and African industrial projects.","https://cowinmagnet.co.za/en-za/industries/conveyor-systems/","en-ZA=https://cowinmagnet.co.za/en-za/industries/conveyor-systems/; x-default=https://www.cowinmagnet.com/","valid","index,follow"
"https://cowinmagnet.co.za/en-za/industries/food-processing/","Food Processing Magnetic Separator Applications | Cowinmagnet","Food Processing magnetic separation equipment selection for South Africa and African industrial projects.","https://cowinmagnet.co.za/en-za/industries/food-processing/","en-ZA=https://cowinmagnet.co.za/en-za/industries/food-processing/; x-default=https://www.cowinmagnet.com/","valid","index,follow"
"https://cowinmagnet.co.za/en-za/industries/gold-mining/","Gold Mining Magnetic Separator Applications | Cowinmagnet","Gold Mining magnetic separation equipment selection for South Africa and African industrial projects.","https://cowinmagnet.co.za/en-za/industries/gold-mining/","en-ZA=https://cowinmagnet.co.za/en-za/industries/gold-mining/; x-default=https://www.cowinmagnet.com/","valid","index,follow"
"https://cowinmagnet.co.za/en-za/industries/","Industries | Magnetic Separator Applications South Africa","Explore mining, coal, iron ore, manganese, chrome, quarrying, recycling, cement and conveyor magnetic separator applications.","https://cowinmagnet.co.za/en-za/industries/","en-ZA=https://cowinmagnet.co.za/en-za/industries/; x-default=https://www.cowinmagnet.com/","valid","index,follow"
"https://cowinmagnet.co.za/en-za/industries/iron-ore/","Iron Ore Magnetic Separator Applications | Cowinmagnet","Iron Ore magnetic separation equipment selection for South Africa and African industrial projects.","https://cowinmagnet.co.za/en-za/industries/iron-ore/","en-ZA=https://cowinmagnet.co.za/en-za/industries/iron-ore/; x-default=https://www.cowinmagnet.com/","valid","index,follow"
"https://cowinmagnet.co.za/en-za/industries/manganese-ore/","Manganese Ore Magnetic Separator Applications | Cowinmagnet","Manganese Ore magnetic separation equipment selection for South Africa and African industrial projects.","https://cowinmagnet.co.za/en-za/industries/manganese-ore/","en-ZA=https://cowinmagnet.co.za/en-za/industries/manganese-ore/; x-default=https://www.cowinmagnet.com/","valid","index,follow"
"https://cowinmagnet.co.za/en-za/industries/mineral-processing/","Mineral Processing Magnetic Separator Applications | Cowinmagnet","Mineral Processing magnetic separation equipment selection for South Africa and African industrial projects.","https://cowinmagnet.co.za/en-za/industries/mineral-processing/","en-ZA=https://cowinmagnet.co.za/en-za/industries/mineral-processing/; x-default=https://www.cowinmagnet.com/","valid","index,follow"
"https://cowinmagnet.co.za/en-za/industries/mining/","Mining Magnetic Separator Applications | Cowinmagnet","Mining magnetic separation equipment selection for South Africa and African industrial projects.","https://cowinmagnet.co.za/en-za/industries/mining/","en-ZA=https://cowinmagnet.co.za/en-za/industries/mining/; x-default=https://www.cowinmagnet.com/","valid","index,follow"
"https://cowinmagnet.co.za/en-za/industries/mining-and-mineral-processing/","Mining and Mineral Processing Magnetic Separator Applications | Cowin...","Mining and Mineral Processing magnetic separation equipment selection for South Africa and African industrial projects.","https://cowinmagnet.co.za/en-za/industries/mining-and-mineral-processing/","en-ZA=https://cowinmagnet.co.za/en-za/industries/mining-and-mineral-processing/; x-default=https://www.cowinmagnet.com/","valid","index,follow"
"https://cowinmagnet.co.za/en-za/industries/ports-bulk-terminals/","Ports and Bulk Terminals Magnetic Separator Applications | Cowinmagnet","Ports and Bulk Terminals magnetic separation equipment selection for South Africa and African industrial projects.","https://cowinmagnet.co.za/en-za/industries/ports-bulk-terminals/","en-ZA=https://cowinmagnet.co.za/en-za/industries/ports-bulk-terminals/; x-default=https://www.cowinmagnet.com/","valid","index,follow"
"https://cowinmagnet.co.za/en-za/industries/ports-power-and-bulk-handling/","Ports, Power and Bulk Handling Magnetic Separator Applications | Cowi...","Ports, Power and Bulk Handling magnetic separation equipment selection for South Africa and African industrial projects.","https://cowinmagnet.co.za/en-za/industries/ports-power-and-bulk-handling/","en-ZA=https://cowinmagnet.co.za/en-za/industries/ports-power-and-bulk-handling/; x-default=https://www.cowinmagnet.com/","valid","index,follow"
"https://cowinmagnet.co.za/en-za/industries/power-plants/","Power Plants Magnetic Separator Applications | Cowinmagnet","Power Plants magnetic separation equipment selection for South Africa and African industrial projects.","https://cowinmagnet.co.za/en-za/industries/power-plants/","en-ZA=https://cowinmagnet.co.za/en-za/industries/power-plants/; x-default=https://www.cowinmagnet.com/","valid","index,follow"
"https://cowinmagnet.co.za/en-za/industries/quarry-aggregates/","Quarry and Aggregates Magnetic Separator Applications | Cowinmagnet","Quarry and Aggregates magnetic separation equipment selection for South Africa and African industrial projects.","https://cowinmagnet.co.za/en-za/industries/quarry-aggregates/","en-ZA=https://cowinmagnet.co.za/en-za/industries/quarry-aggregates/; x-default=https://www.cowinmagnet.com/","valid","index,follow"
"https://cowinmagnet.co.za/en-za/industries/recycling/","Recycling Magnetic Separator Applications | Cowinmagnet","Recycling magnetic separation equipment selection for South Africa and African industrial projects.","https://cowinmagnet.co.za/en-za/industries/recycling/","en-ZA=https://cowinmagnet.co.za/en-za/industries/recycling/; x-default=https://www.cowinmagnet.com/","valid","index,follow"
"https://cowinmagnet.co.za/en-za/industries/recycling-and-material-recovery/","Recycling and Material Recovery Magnetic Separator Applications | Cow...","Recycling and Material Recovery magnetic separation equipment selection for South Africa and African industrial projects.","https://cowinmagnet.co.za/en-za/industries/recycling-and-material-recovery/","en-ZA=https://cowinmagnet.co.za/en-za/industries/recycling-and-material-recovery/; x-default=https://www.cowinmagnet.com/","valid","index,follow"
"https://cowinmagnet.co.za/en-za/markets/angola/","Magnetic Separator Solutions for Angola | Cowinmagnet","Magnetic separation equipment support for Angola mining and industrial markets without unverified local office or stock claims.","https://cowinmagnet.co.za/en-za/markets/angola/","en-ZA=https://cowinmagnet.co.za/en-za/markets/angola/; x-default=https://www.cowinmagnet.com/","valid","index,follow"
"https://cowinmagnet.co.za/en-za/markets/botswana/","Magnetic Separator Solutions for Botswana | Cowinmagnet","Magnetic separation equipment support for Botswana mining and industrial markets without unverified local office or stock claims.","https://cowinmagnet.co.za/en-za/markets/botswana/","en-ZA=https://cowinmagnet.co.za/en-za/markets/botswana/; x-default=https://www.cowinmagnet.com/","valid","index,follow"
"https://cowinmagnet.co.za/en-za/markets/drc/","Magnetic Separator Solutions for Democratic Republic of the Congo | C...","Magnetic separation equipment support for Democratic Republic of the Congo mining and industrial markets without unverified local office or stock claims.","https://cowinmagnet.co.za/en-za/markets/drc/","en-ZA=https://cowinmagnet.co.za/en-za/markets/drc/; x-default=https://www.cowinmagnet.com/","valid","index,follow"
"https://cowinmagnet.co.za/en-za/markets/ghana/","Magnetic Separator Solutions for Ghana | Cowinmagnet","Magnetic separation equipment support for Ghana mining and industrial markets without unverified local office or stock claims.","https://cowinmagnet.co.za/en-za/markets/ghana/","en-ZA=https://cowinmagnet.co.za/en-za/markets/ghana/; x-default=https://www.cowinmagnet.com/","valid","index,follow"
"https://cowinmagnet.co.za/en-za/markets/","African Markets | Cowinmagnet Magnetic Separation Equipment","Country market pages for South Africa, Botswana, Namibia, Zimbabwe, Zambia, Mozambique, Angola, Ghana, Nigeria, Kenya, Tanzania and DRC.","https://cowinmagnet.co.za/en-za/markets/","en-ZA=https://cowinmagnet.co.za/en-za/markets/; x-default=https://www.cowinmagnet.com/","valid","index,follow"
"https://cowinmagnet.co.za/en-za/markets/kenya/","Magnetic Separator Solutions for Kenya | Cowinmagnet","Magnetic separation equipment support for Kenya mining and industrial markets without unverified local office or stock claims.","https://cowinmagnet.co.za/en-za/markets/kenya/","en-ZA=https://cowinmagnet.co.za/en-za/markets/kenya/; x-default=https://www.cowinmagnet.com/","valid","index,follow"
"https://cowinmagnet.co.za/en-za/markets/mozambique/","Magnetic Separator Solutions for Mozambique | Cowinmagnet","Magnetic separation equipment support for Mozambique mining and industrial markets without unverified local office or stock claims.","https://cowinmagnet.co.za/en-za/markets/mozambique/","en-ZA=https://cowinmagnet.co.za/en-za/markets/mozambique/; x-default=https://www.cowinmagnet.com/","valid","index,follow"
"https://cowinmagnet.co.za/en-za/markets/namibia/","Magnetic Separator Solutions for Namibia | Cowinmagnet","Magnetic separation equipment support for Namibia mining and industrial markets without unverified local office or stock claims.","https://cowinmagnet.co.za/en-za/markets/namibia/","en-ZA=https://cowinmagnet.co.za/en-za/markets/namibia/; x-default=https://www.cowinmagnet.com/","valid","index,follow"
"https://cowinmagnet.co.za/en-za/markets/nigeria/","Magnetic Separator Solutions for Nigeria | Cowinmagnet","Magnetic separation equipment support for Nigeria mining and industrial markets without unverified local office or stock claims.","https://cowinmagnet.co.za/en-za/markets/nigeria/","en-ZA=https://cowinmagnet.co.za/en-za/markets/nigeria/; x-default=https://www.cowinmagnet.com/","valid","index,follow"
"https://cowinmagnet.co.za/en-za/markets/south-africa/eastern-cape/","Magnetic Separator Support for Eastern Cape | Cowinmagnet South Africa","Regional magnetic separation equipment support for Eastern Cape, South Africa.","https://cowinmagnet.co.za/en-za/markets/south-africa/eastern-cape/","en-ZA=https://cowinmagnet.co.za/en-za/markets/south-africa/eastern-cape/; x-default=https://www.cowinmagnet.com/","valid","index,follow"
"https://cowinmagnet.co.za/en-za/markets/south-africa/gauteng/","Magnetic Separator Support for Gauteng | Cowinmagnet South Africa","Regional magnetic separation equipment support for Gauteng, South Africa.","https://cowinmagnet.co.za/en-za/markets/south-africa/gauteng/","en-ZA=https://cowinmagnet.co.za/en-za/markets/south-africa/gauteng/; x-default=https://www.cowinmagnet.com/","valid","index,follow"
"https://cowinmagnet.co.za/en-za/markets/south-africa/","Magnetic Separator Solutions for South Africa | Cowinmagnet","Magnetic separation equipment support for South Africa mining and industrial markets without unverified local office or stock claims.","https://cowinmagnet.co.za/en-za/markets/south-africa/","en-ZA=https://cowinmagnet.co.za/en-za/markets/south-africa/; x-default=https://www.cowinmagnet.com/","valid","index,follow"
"https://cowinmagnet.co.za/en-za/markets/south-africa/kwazulu-natal/","Magnetic Separator Support for Kwazulu Natal | Cowinmagnet South Africa","Regional magnetic separation equipment support for Kwazulu Natal, South Africa.","https://cowinmagnet.co.za/en-za/markets/south-africa/kwazulu-natal/","en-ZA=https://cowinmagnet.co.za/en-za/markets/south-africa/kwazulu-natal/; x-default=https://www.cowinmagnet.com/","valid","index,follow"
"https://cowinmagnet.co.za/en-za/markets/south-africa/limpopo/","Magnetic Separator Support for Limpopo | Cowinmagnet South Africa","Regional magnetic separation equipment support for Limpopo, South Africa.","https://cowinmagnet.co.za/en-za/markets/south-africa/limpopo/","en-ZA=https://cowinmagnet.co.za/en-za/markets/south-africa/limpopo/; x-default=https://www.cowinmagnet.com/","valid","index,follow"
"https://cowinmagnet.co.za/en-za/markets/south-africa/mpumalanga/","Magnetic Separator Support for Mpumalanga | Cowinmagnet South Africa","Regional magnetic separation equipment support for Mpumalanga, South Africa.","https://cowinmagnet.co.za/en-za/markets/south-africa/mpumalanga/","en-ZA=https://cowinmagnet.co.za/en-za/markets/south-africa/mpumalanga/; x-default=https://www.cowinmagnet.com/","valid","index,follow"
"https://cowinmagnet.co.za/en-za/markets/south-africa/north-west/","Magnetic Separator Support for North West | Cowinmagnet South Africa","Regional magnetic separation equipment support for North West, South Africa.","https://cowinmagnet.co.za/en-za/markets/south-africa/north-west/","en-ZA=https://cowinmagnet.co.za/en-za/markets/south-africa/north-west/; x-default=https://www.cowinmagnet.com/","valid","index,follow"
"https://cowinmagnet.co.za/en-za/markets/south-africa/northern-cape/","Magnetic Separator Support for Northern Cape | Cowinmagnet South Africa","Regional magnetic separation equipment support for Northern Cape, South Africa.","https://cowinmagnet.co.za/en-za/markets/south-africa/northern-cape/","en-ZA=https://cowinmagnet.co.za/en-za/markets/south-africa/northern-cape/; x-default=https://www.cowinmagnet.com/","valid","index,follow"
"https://cowinmagnet.co.za/en-za/markets/south-africa/western-cape/","Magnetic Separator Support for Western Cape | Cowinmagnet South Africa","Regional magnetic separation equipment support for Western Cape, South Africa.","https://cowinmagnet.co.za/en-za/markets/south-africa/western-cape/","en-ZA=https://cowinmagnet.co.za/en-za/markets/south-africa/western-cape/; x-default=https://www.cowinmagnet.com/","valid","index,follow"
"https://cowinmagnet.co.za/en-za/markets/tanzania/","Magnetic Separator Solutions for Tanzania | Cowinmagnet","Magnetic separation equipment support for Tanzania mining and industrial markets without unverified local office or stock claims.","https://cowinmagnet.co.za/en-za/markets/tanzania/","en-ZA=https://cowinmagnet.co.za/en-za/markets/tanzania/; x-default=https://www.cowinmagnet.com/","valid","index,follow"
"https://cowinmagnet.co.za/en-za/markets/zambia/","Magnetic Separator Solutions for Zambia | Cowinmagnet","Magnetic separation equipment support for Zambia mining and industrial markets without unverified local office or stock claims.","https://cowinmagnet.co.za/en-za/markets/zambia/","en-ZA=https://cowinmagnet.co.za/en-za/markets/zambia/; x-default=https://www.cowinmagnet.com/","valid","index,follow"
"https://cowinmagnet.co.za/en-za/markets/zimbabwe/","Magnetic Separator Solutions for Zimbabwe | Cowinmagnet","Magnetic separation equipment support for Zimbabwe mining and industrial markets without unverified local office or stock claims.","https://cowinmagnet.co.za/en-za/markets/zimbabwe/","en-ZA=https://cowinmagnet.co.za/en-za/markets/zimbabwe/; x-default=https://www.cowinmagnet.com/","valid","index,follow"
"https://cowinmagnet.co.za/en-za/news/crusher-protection-in-mining/","Crusher Protection in Mining | Cowinmagnet News","How magnetic separation supports crusher protection. Learn about magnetic separator selection for South Africa and African markets.","https://cowinmagnet.co.za/en-za/news/crusher-protection-in-mining/","en-ZA=https://cowinmagnet.co.za/en-za/news/crusher-protection-in-mining/; x-default=https://www.cowinmagnet.com/","valid","index,follow"
"https://cowinmagnet.co.za/en-za/news/how-to-select-an-overband-magnet/","How to Select an Overband Magnet | Cowinmagnet News","Selection factors for conveyor magnets in mining and industrial applications.","https://cowinmagnet.co.za/en-za/news/how-to-select-an-overband-magnet/","en-ZA=https://cowinmagnet.co.za/en-za/news/how-to-select-an-overband-magnet/; x-default=https://www.cowinmagnet.com/","valid","index,follow"
"https://cowinmagnet.co.za/en-za/news/","News | Cowinmagnet South Africa","Local news, project updates and magnetic separator articles for South Africa and African markets.","https://cowinmagnet.co.za/en-za/news/","en-ZA=https://cowinmagnet.co.za/en-za/news/; x-default=https://www.cowinmagnet.com/","valid","index,follow"
"https://cowinmagnet.co.za/en-za/news/magnetic-separator-for-coal-handling/","Magnetic Separator for Coal Handling | Cowinmagnet News","Key considerations for coal conveyors and transfer points. Learn about magnetic separator selection for South Africa and African markets.","https://cowinmagnet.co.za/en-za/news/magnetic-separator-for-coal-handling/","en-ZA=https://cowinmagnet.co.za/en-za/news/magnetic-separator-for-coal-handling/; x-default=https://www.cowinmagnet.com/","valid","index,follow"
"https://cowinmagnet.co.za/en-za/news/magnetic-separator-maintenance/","Magnetic Separator Maintenance | Cowinmagnet News","Maintenance planning for suspended magnets and overband separators.","https://cowinmagnet.co.za/en-za/news/magnetic-separator-maintenance/","en-ZA=https://cowinmagnet.co.za/en-za/news/magnetic-separator-maintenance/; x-default=https://www.cowinmagnet.com/","valid","index,follow"
"https://cowinmagnet.co.za/en-za/news/permanent-vs-electromagnetic-separator/","Permanent vs Electromagnetic Separator | Cowinmagnet News","How to compare permanent and electromagnetic separator options.","https://cowinmagnet.co.za/en-za/news/permanent-vs-electromagnetic-separator/","en-ZA=https://cowinmagnet.co.za/en-za/news/permanent-vs-electromagnetic-separator/; x-default=https://www.cowinmagnet.com/","valid","index,follow"
"https://cowinmagnet.co.za/en-za/privacy-policy/","Privacy Policy | Cowinmagnet","privacy-policy for Cowinmagnet South Africa and Africa local prototype.","https://cowinmagnet.co.za/en-za/privacy-policy/","en-ZA=https://cowinmagnet.co.za/en-za/privacy-policy/; x-default=https://www.cowinmagnet.com/","valid","index,follow"
"https://cowinmagnet.co.za/en-za/products/conveyor-metal-detector/","Conveyor Metal Detector | Cowinmagnet South Africa","Conveyor metal detector selection for crusher protection and bulk material handling projects in South Africa and Africa.","https://cowinmagnet.co.za/en-za/products/conveyor-metal-detector/","en-ZA=https://cowinmagnet.co.za/en-za/products/conveyor-metal-detector/; x-default=https://www.cowinmagnet.com/","valid","index,follow"
"https://cowinmagnet.co.za/en-za/products/","Magnetic Separation Equipment Products | Cowinmagnet South Africa","Browse permanent magnetic equipment, electromagnetic separators and magnetic components for South Africa and African markets.","https://cowinmagnet.co.za/en-za/products/","en-ZA=https://cowinmagnet.co.za/en-za/products/; x-default=https://www.cowinmagnet.com/","valid","index,follow"
"https://cowinmagnet.co.za/en-za/products/magnetic-components-and-filters/cbs-drawer-type-magnetic-filter/","CBS drawer type magnetic filter | Cowinmagnet South Africa","CBS drawer type magnetic filter for the relevant South African and African industrial application. Final configuration is confirmed against project conditions.","https://cowinmagnet.co.za/en-za/products/magnetic-components-and-filters/cbs-drawer-type-magnetic-filter/","en-ZA=https://cowinmagnet.co.za/en-za/products/magnetic-components-and-filters/cbs-drawer-type-magnetic-filter/; x-default=https://www.cowinmagnet.com/","valid","index,follow"
"https://cowinmagnet.co.za/en-za/products/magnetic-components-and-filters/clc-type-slot-magnetic-filter/","CLC type slot magnetic filter | Cowinmagnet South Africa","CLC type slot magnetic filter for the relevant South African and African industrial application. Final configuration is confirmed against project conditions.","https://cowinmagnet.co.za/en-za/products/magnetic-components-and-filters/clc-type-slot-magnetic-filter/","en-ZA=https://cowinmagnet.co.za/en-za/products/magnetic-components-and-filters/clc-type-slot-magnetic-filter/; x-default=https://www.cowinmagnet.com/","valid","index,follow"
"https://cowinmagnet.co.za/en-za/products/magnetic-components-and-filters/clc-type-wet-slot-magnetic-filter/","CLC type wet slot magnetic filter | Cowinmagnet South Africa","CLC type wet slot magnetic filter for the relevant South African and African industrial application. Final configuration is confirmed against project conditions.","https://cowinmagnet.co.za/en-za/products/magnetic-components-and-filters/clc-type-wet-slot-magnetic-filter/","en-ZA=https://cowinmagnet.co.za/en-za/products/magnetic-components-and-filters/clc-type-wet-slot-magnetic-filter/; x-default=https://www.cowinmagnet.com/","valid","index,follow"
"https://cowinmagnet.co.za/en-za/products/magnetic-components-and-filters/cyg-wet-pipeline-magnetic-filter/","CYG wet pipeline magnetic filter | Cowinmagnet South Africa","CYG wet pipeline magnetic filter for the relevant South African and African industrial application. Final configuration is confirmed against project conditions.","https://cowinmagnet.co.za/en-za/products/magnetic-components-and-filters/cyg-wet-pipeline-magnetic-filter/","en-ZA=https://cowinmagnet.co.za/en-za/products/magnetic-components-and-filters/cyg-wet-pipeline-magnetic-filter/; x-default=https://www.cowinmagnet.com/","valid","index,follow"
"https://cowinmagnet.co.za/en-za/products/magnetic-components-and-filters/drawer-magnet/","Drawer Magnet | Cowinmagnet South Africa","Drawer Magnet for the relevant South African and African industrial application. Final configuration is confirmed against project conditions.","https://cowinmagnet.co.za/en-za/products/magnetic-components-and-filters/drawer-magnet/","en-ZA=https://cowinmagnet.co.za/en-za/products/magnetic-components-and-filters/drawer-magnet/; x-default=https://www.cowinmagnet.com/","valid","index,follow"
"https://cowinmagnet.co.za/en-za/products/magnetic-components-and-filters/hump-magnet/","Hump Magnet | Cowinmagnet South Africa","Hump Magnet for the relevant South African and African industrial application. Final configuration is confirmed against project conditions.","https://cowinmagnet.co.za/en-za/products/magnetic-components-and-filters/hump-magnet/","en-ZA=https://cowinmagnet.co.za/en-za/products/magnetic-components-and-filters/hump-magnet/; x-default=https://www.cowinmagnet.com/","valid","index,follow"
"https://cowinmagnet.co.za/en-za/products/magnetic-components-and-filters/","Magnetic Components & Filters | Cowinmagnet South Africa","Magnetic bars, grids, filters, traps and pipeline solutions for fine iron removal from material streams. Product category for African mining and industrial applications.","https://cowinmagnet.co.za/en-za/products/magnetic-components-and-filters/","en-ZA=https://cowinmagnet.co.za/en-za/products/magnetic-components-and-filters/; x-default=https://www.cowinmagnet.com/","valid","index,follow"
"https://cowinmagnet.co.za/en-za/products/magnetic-components-and-filters/magnetic-grid/","Magnetic Grid | Cowinmagnet South Africa","Magnetic Grid for the relevant South African and African industrial application. Final configuration is confirmed against project conditions.","https://cowinmagnet.co.za/en-za/products/magnetic-components-and-filters/magnetic-grid/","en-ZA=https://cowinmagnet.co.za/en-za/products/magnetic-components-and-filters/magnetic-grid/; x-default=https://www.cowinmagnet.com/","valid","index,follow"
"https://cowinmagnet.co.za/en-za/products/magnetic-components-and-filters/magnetic-rod/","Magnetic Rod | Cowinmagnet South Africa","Magnetic Rod for the relevant South African and African industrial application. Final configuration is confirmed against project conditions.","https://cowinmagnet.co.za/en-za/products/magnetic-components-and-filters/magnetic-rod/","en-ZA=https://cowinmagnet.co.za/en-za/products/magnetic-components-and-filters/magnetic-rod/; x-default=https://www.cowinmagnet.com/","valid","index,follow"
"https://cowinmagnet.co.za/en-za/products/magnetic-components-and-filters/magnetic-trap/","Magnetic Trap | Cowinmagnet South Africa","Magnetic Trap for the relevant South African and African industrial application. Final configuration is confirmed against project conditions.","https://cowinmagnet.co.za/en-za/products/magnetic-components-and-filters/magnetic-trap/","en-ZA=https://cowinmagnet.co.za/en-za/products/magnetic-components-and-filters/magnetic-trap/; x-default=https://www.cowinmagnet.com/","valid","index,follow"
"https://cowinmagnet.co.za/en-za/products/magnetic-components-and-filters/permanent-filter-bar-magnetic-neodymium-rod/","Strong 6000-16000 Gauss Iron Absorbing Permanent Filter Bar Magnetic...","Strong 6000-16000 Gauss Iron Absorbing Permanent Filter Bar Magnetic Neodymium Rod for the relevant South African and African industrial application. Final configuration is co...","https://cowinmagnet.co.za/en-za/products/magnetic-components-and-filters/permanent-filter-bar-magnetic-neodymium-rod/","en-ZA=https://cowinmagnet.co.za/en-za/products/magnetic-components-and-filters/permanent-filter-bar-magnetic-neodymium-rod/; x-default=https://www.cowinmagnet.com/","valid","index,follow"
"https://cowinmagnet.co.za/en-za/products/magnetic-components-and-filters/rcyz-type-pipeline-magnetic-filter/","RCYZ type pipeline magnetic filter | Cowinmagnet South Africa","RCYZ type pipeline magnetic filter for the relevant South African and African industrial application. Final configuration is confirmed against project conditions.","https://cowinmagnet.co.za/en-za/products/magnetic-components-and-filters/rcyz-type-pipeline-magnetic-filter/","en-ZA=https://cowinmagnet.co.za/en-za/products/magnetic-components-and-filters/rcyz-type-pipeline-magnetic-filter/; x-default=https://www.cowinmagnet.com/","valid","index,follow"
"https://cowinmagnet.co.za/en-za/products/magnetic-components-and-filters/rotary-pipe-magnet/","Rotary Pipe Magnet | Cowinmagnet South Africa","Rotary Pipe Magnet for the relevant South African and African industrial application. Final configuration is confirmed against project conditions.","https://cowinmagnet.co.za/en-za/products/magnetic-components-and-filters/rotary-pipe-magnet/","en-ZA=https://cowinmagnet.co.za/en-za/products/magnetic-components-and-filters/rotary-pipe-magnet/; x-default=https://www.cowinmagnet.com/","valid","index,follow"
"https://cowinmagnet.co.za/en-za/products/magnetic-separation-equipment/belt-high-gradient-magnetic-separator/","Belt High Gradient Magnetic Separator | Cowinmagnet South Africa","Belt High Gradient Magnetic Separator for the relevant South African and African industrial application. Final configuration is confirmed against project conditions.","https://cowinmagnet.co.za/en-za/products/magnetic-separation-equipment/belt-high-gradient-magnetic-separator/","en-ZA=https://cowinmagnet.co.za/en-za/products/magnetic-separation-equipment/belt-high-gradient-magnetic-separator/; x-default=https://www.cowinmagnet.com/","valid","index,follow"
"https://cowinmagnet.co.za/en-za/products/magnetic-separation-equipment/cbz-type-rotary-automatic-magnetic-separator/","CBZ type rotary automatic magnetic separator | Cowinmagnet South Africa","CBZ type rotary automatic magnetic separator for the relevant South African and African industrial application. Final configuration is confirmed against project conditions.","https://cowinmagnet.co.za/en-za/products/magnetic-separation-equipment/cbz-type-rotary-automatic-magnetic-separator/","en-ZA=https://cowinmagnet.co.za/en-za/products/magnetic-separation-equipment/cbz-type-rotary-automatic-magnetic-separator/; x-default=https://www.cowinmagnet.com/","valid","index,follow"
"https://cowinmagnet.co.za/en-za/products/magnetic-separation-equipment/cgb-type-rotary-semi-automatic-magnetic-separator/","CGB type rotary semi-automatic magnetic separator | Cowinmagnet South...","CGB type rotary semi-automatic magnetic separator for the relevant South African and African industrial application. Final configuration is confirmed against project conditions.","https://cowinmagnet.co.za/en-za/products/magnetic-separation-equipment/cgb-type-rotary-semi-automatic-magnetic-separator/","en-ZA=https://cowinmagnet.co.za/en-za/products/magnetic-separation-equipment/cgb-type-rotary-semi-automatic-magnetic-separator/; x-default=https://www.cowinmagnet.com/","valid","index,follow"
"https://cowinmagnet.co.za/en-za/products/magnetic-separation-equipment/cgt-type-super-strong-full-magnetic-drum/","CGT type super strong full magnetic drum | Cowinmagnet South Africa","CGT type super strong full magnetic drum for the relevant South African and African industrial application. Final configuration is confirmed against project conditions.","https://cowinmagnet.co.za/en-za/products/magnetic-separation-equipment/cgt-type-super-strong-full-magnetic-drum/","en-ZA=https://cowinmagnet.co.za/en-za/products/magnetic-separation-equipment/cgt-type-super-strong-full-magnetic-drum/; x-default=https://www.cowinmagnet.com/","valid","index,follow"
"https://cowinmagnet.co.za/en-za/products/magnetic-separation-equipment/clt-type-magnetic-desliming-tank/","CLT type magnetic desliming tank | Cowinmagnet South Africa","CLT type magnetic desliming tank for the relevant South African and African industrial application. Final configuration is confirmed against project conditions.","https://cowinmagnet.co.za/en-za/products/magnetic-separation-equipment/clt-type-magnetic-desliming-tank/","en-ZA=https://cowinmagnet.co.za/en-za/products/magnetic-separation-equipment/clt-type-magnetic-desliming-tank/; x-default=https://www.cowinmagnet.com/","valid","index,follow"
"https://cowinmagnet.co.za/en-za/products/magnetic-separation-equipment/cqz-type-fully-automatic-online-magnetic-separation/","CQZ type fully automatic online magnetic separation | Cowinmagnet Sou...","CQZ type fully automatic online magnetic separation for the relevant South African and African industrial application. Final configuration is confirmed against project conditi...","https://cowinmagnet.co.za/en-za/products/magnetic-separation-equipment/cqz-type-fully-automatic-online-magnetic-separation/","en-ZA=https://cowinmagnet.co.za/en-za/products/magnetic-separation-equipment/cqz-type-fully-automatic-online-magnetic-separation/; x-default=https://www.cowinmagnet.com/","valid","index,follow"
"https://cowinmagnet.co.za/en-za/products/magnetic-separation-equipment/cqz-type-fully-automatic-online-magnetic-separator/","CQZ type fully automatic online magnetic separator | Cowinmagnet Sout...","CQZ type fully automatic online magnetic separator for the relevant South African and African industrial application. Final configuration is confirmed against project conditions.","https://cowinmagnet.co.za/en-za/products/magnetic-separation-equipment/cqz-type-fully-automatic-online-magnetic-separator/","en-ZA=https://cowinmagnet.co.za/en-za/products/magnetic-separation-equipment/cqz-type-fully-automatic-online-magnetic-separator/; x-default=https://www.cowinmagnet.com/","valid","index,follow"
"https://cowinmagnet.co.za/en-za/products/magnetic-separation-equipment/ctb-type-semi-countercurrent-wet-selection-machine/","CTB type semi countercurrent wet selection machine | Cowinmagnet Sout...","CTB type semi countercurrent wet selection machine for the relevant South African and African industrial application. Final configuration is confirmed against project conditions.","https://cowinmagnet.co.za/en-za/products/magnetic-separation-equipment/ctb-type-semi-countercurrent-wet-selection-machine/","en-ZA=https://cowinmagnet.co.za/en-za/products/magnetic-separation-equipment/ctb-type-semi-countercurrent-wet-selection-machine/; x-default=https://www.cowinmagnet.com/","valid","index,follow"
"https://cowinmagnet.co.za/en-za/products/magnetic-separation-equipment/ctb-wet-semi-countercurrent-magnetic-separator/","CTB wet semi countercurrent magnetic separator | Cowinmagnet South Af...","CTB wet semi countercurrent magnetic separator for the relevant South African and African industrial application. Final configuration is confirmed against project conditions.","https://cowinmagnet.co.za/en-za/products/magnetic-separation-equipment/ctb-wet-semi-countercurrent-magnetic-separator/","en-ZA=https://cowinmagnet.co.za/en-za/products/magnetic-separation-equipment/ctb-wet-semi-countercurrent-magnetic-separator/; x-default=https://www.cowinmagnet.com/","valid","index,follow"
"https://cowinmagnet.co.za/en-za/products/magnetic-separation-equipment/ctdg-type-permanent-magnet-bulk-dry-magnetic-separator/","CTDG type permanent magnet bulk dry magnetic separator | Cowinmagnet...","CTDG type permanent magnet bulk dry magnetic separator for the relevant South African and African industrial application. Final configuration is confirmed against project cond...","https://cowinmagnet.co.za/en-za/products/magnetic-separation-equipment/ctdg-type-permanent-magnet-bulk-dry-magnetic-separator/","en-ZA=https://cowinmagnet.co.za/en-za/products/magnetic-separation-equipment/ctdg-type-permanent-magnet-bulk-dry-magnetic-separator/; x-default=https://www.cowinmagnet.com/","valid","index,follow"
"https://cowinmagnet.co.za/en-za/products/magnetic-separation-equipment/ctn-type-full-countercurrent-wet-magnetic-separator/","CTN type full countercurrent wet magnetic separator | Cowinmagnet Sou...","CTN type full countercurrent wet magnetic separator for the relevant South African and African industrial application. Final configuration is confirmed against project conditi...","https://cowinmagnet.co.za/en-za/products/magnetic-separation-equipment/ctn-type-full-countercurrent-wet-magnetic-separator/","en-ZA=https://cowinmagnet.co.za/en-za/products/magnetic-separation-equipment/ctn-type-full-countercurrent-wet-magnetic-separator/; x-default=https://www.cowinmagnet.com/","valid","index,follow"
"https://cowinmagnet.co.za/en-za/products/magnetic-separation-equipment/ctn-type-specialized-magnetic-separator-for-coal-washing/","CTN type specialized magnetic separator for coal washing | Cowinmagne...","CTN type specialized magnetic separator for coal washing for the relevant South African and African industrial application. Final configuration is confirmed against project co...","https://cowinmagnet.co.za/en-za/products/magnetic-separation-equipment/ctn-type-specialized-magnetic-separator-for-coal-washing/","en-ZA=https://cowinmagnet.co.za/en-za/products/magnetic-separation-equipment/ctn-type-specialized-magnetic-separator-for-coal-washing/; x-default=https://www.cowinmagnet.com/","valid","index,follow"
"https://cowinmagnet.co.za/en-za/products/magnetic-separation-equipment/ctn-wet-full-countercurrent-magnetic-separator/","CTN wet full countercurrent magnetic separator | Cowinmagnet South Af...","CTN wet full countercurrent magnetic separator for the relevant South African and African industrial application. Final configuration is confirmed against project conditions.","https://cowinmagnet.co.za/en-za/products/magnetic-separation-equipment/ctn-wet-full-countercurrent-magnetic-separator/","en-ZA=https://cowinmagnet.co.za/en-za/products/magnetic-separation-equipment/ctn-wet-full-countercurrent-magnetic-separator/; x-default=https://www.cowinmagnet.com/","valid","index,follow"
"https://cowinmagnet.co.za/en-za/products/magnetic-separation-equipment/ctq-type-roller-automatic-magnetic-separator/","CTQ type roller automatic magnetic separator | Cowinmagnet South Africa","CTQ type roller automatic magnetic separator for the relevant South African and African industrial application. Final configuration is confirmed against project conditions.","https://cowinmagnet.co.za/en-za/products/magnetic-separation-equipment/ctq-type-roller-automatic-magnetic-separator/","en-ZA=https://cowinmagnet.co.za/en-za/products/magnetic-separation-equipment/ctq-type-roller-automatic-magnetic-separator/; x-default=https://www.cowinmagnet.com/","valid","index,follow"
"https://cowinmagnet.co.za/en-za/products/magnetic-separation-equipment/cts-type-downstream-wet-pre-selection-machine/","CTS type downstream wet pre selection machine | Cowinmagnet South Africa","CTS type downstream wet pre selection machine for the relevant South African and African industrial application. Final configuration is confirmed against project conditions.","https://cowinmagnet.co.za/en-za/products/magnetic-separation-equipment/cts-type-downstream-wet-pre-selection-machine/","en-ZA=https://cowinmagnet.co.za/en-za/products/magnetic-separation-equipment/cts-type-downstream-wet-pre-selection-machine/; x-default=https://www.cowinmagnet.com/","valid","index,follow"
"https://cowinmagnet.co.za/en-za/products/magnetic-separation-equipment/cts-type-wet-co-current-magnetic-separator/","CTS type wet co current magnetic separator | Cowinmagnet South Africa","CTS type wet co current magnetic separator for the relevant South African and African industrial application. Final configuration is confirmed against project conditions.","https://cowinmagnet.co.za/en-za/products/magnetic-separation-equipment/cts-type-wet-co-current-magnetic-separator/","en-ZA=https://cowinmagnet.co.za/en-za/products/magnetic-separation-equipment/cts-type-wet-co-current-magnetic-separator/; x-default=https://www.cowinmagnet.com/","valid","index,follow"
"https://cowinmagnet.co.za/en-za/products/magnetic-separation-equipment/ctz-type-midfield-strong-semi-magnetic-drum/","CTZ type midfield strong semi magnetic drum | Cowinmagnet South Africa","CTZ type midfield strong semi magnetic drum for the relevant South African and African industrial application. Final configuration is confirmed against project conditions.","https://cowinmagnet.co.za/en-za/products/magnetic-separation-equipment/ctz-type-midfield-strong-semi-magnetic-drum/","en-ZA=https://cowinmagnet.co.za/en-za/products/magnetic-separation-equipment/ctz-type-midfield-strong-semi-magnetic-drum/; x-default=https://www.cowinmagnet.com/","valid","index,follow"
"https://cowinmagnet.co.za/en-za/products/magnetic-separation-equipment/ctzs-type-upward-suction-magnetic-separator/","CTZS type upward suction magnetic separator | Cowinmagnet South Africa","CTZS type upward suction magnetic separator for the relevant South African and African industrial application. Final configuration is confirmed against project conditions.","https://cowinmagnet.co.za/en-za/products/magnetic-separation-equipment/ctzs-type-upward-suction-magnetic-separator/","en-ZA=https://cowinmagnet.co.za/en-za/products/magnetic-separation-equipment/ctzs-type-upward-suction-magnetic-separator/; x-default=https://www.cowinmagnet.com/","valid","index,follow"
"https://cowinmagnet.co.za/en-za/products/magnetic-separation-equipment/cxj-drum-type-automatic-magnetic-separator/","CXJ drum type automatic magnetic separator | Cowinmagnet South Africa","CXJ drum type automatic magnetic separator for the relevant South African and African industrial application. Final configuration is confirmed against project conditions.","https://cowinmagnet.co.za/en-za/products/magnetic-separation-equipment/cxj-drum-type-automatic-magnetic-separator/","en-ZA=https://cowinmagnet.co.za/en-za/products/magnetic-separation-equipment/cxj-drum-type-automatic-magnetic-separator/; x-default=https://www.cowinmagnet.com/","valid","index,follow"
"https://cowinmagnet.co.za/en-za/products/magnetic-separation-equipment/dcx-wet-fully-automatic-magnetic-separator/","DCX wet fully automatic magnetic separator | Cowinmagnet South Africa","DCX wet fully automatic magnetic separator for the relevant South African and African industrial application. Final configuration is confirmed against project conditions.","https://cowinmagnet.co.za/en-za/products/magnetic-separation-equipment/dcx-wet-fully-automatic-magnetic-separator/","en-ZA=https://cowinmagnet.co.za/en-za/products/magnetic-separation-equipment/dcx-wet-fully-automatic-magnetic-separator/; x-default=https://www.cowinmagnet.com/","valid","index,follow"
"https://cowinmagnet.co.za/en-za/products/magnetic-separation-equipment/dcz-type-dry-fully-automatic-magnetic-separation/","DCZ type dry fully automatic magnetic separation | Cowinmagnet South...","DCZ type dry fully automatic magnetic separation for the relevant South African and African industrial application. Final configuration is confirmed against project conditions.","https://cowinmagnet.co.za/en-za/products/magnetic-separation-equipment/dcz-type-dry-fully-automatic-magnetic-separation/","en-ZA=https://cowinmagnet.co.za/en-za/products/magnetic-separation-equipment/dcz-type-dry-fully-automatic-magnetic-separation/; x-default=https://www.cowinmagnet.com/","valid","index,follow"
"https://cowinmagnet.co.za/en-za/products/magnetic-separation-equipment/dcz-type-dry-fully-automatic-magnetic-separator/","DCZ type dry fully automatic magnetic separator | Cowinmagnet South A...","DCZ type dry fully automatic magnetic separator for the relevant South African and African industrial application. Final configuration is confirmed against project conditions.","https://cowinmagnet.co.za/en-za/products/magnetic-separation-equipment/dcz-type-dry-fully-automatic-magnetic-separator/","en-ZA=https://cowinmagnet.co.za/en-za/products/magnetic-separation-equipment/dcz-type-dry-fully-automatic-magnetic-separator/; x-default=https://www.cowinmagnet.com/","valid","index,follow"
"https://cowinmagnet.co.za/en-za/products/magnetic-separation-equipment/dhd-type-roller-type-automatic-magnetic-separator/","DHD type roller type automatic magnetic separator | Cowinmagnet South...","DHD type roller type automatic magnetic separator for the relevant South African and African industrial application. Final configuration is confirmed against project conditions.","https://cowinmagnet.co.za/en-za/products/magnetic-separation-equipment/dhd-type-roller-type-automatic-magnetic-separator/","en-ZA=https://cowinmagnet.co.za/en-za/products/magnetic-separation-equipment/dhd-type-roller-type-automatic-magnetic-separator/; x-default=https://www.cowinmagnet.com/","valid","index,follow"
"https://cowinmagnet.co.za/en-za/products/magnetic-separation-equipment/dhj-type-strong-roller-automatic-magnetic-separator/","DHJ type strong roller automatic magnetic separator | Cowinmagnet Sou...","DHJ type strong roller automatic magnetic separator for the relevant South African and African industrial application. Final configuration is confirmed against project conditi...","https://cowinmagnet.co.za/en-za/products/magnetic-separation-equipment/dhj-type-strong-roller-automatic-magnetic-separator/","en-ZA=https://cowinmagnet.co.za/en-za/products/magnetic-separation-equipment/dhj-type-strong-roller-automatic-magnetic-separator/; x-default=https://www.cowinmagnet.com/","valid","index,follow"
"https://cowinmagnet.co.za/en-za/products/magnetic-separation-equipment/disc-magnetic-separator-for-tailing/","Disc Magnetic Separator for Tailing | Cowinmagnet South Africa","Disc Magnetic Separator for Tailing for the relevant South African and African industrial application. Final configuration is confirmed against project conditions.","https://cowinmagnet.co.za/en-za/products/magnetic-separation-equipment/disc-magnetic-separator-for-tailing/","en-ZA=https://cowinmagnet.co.za/en-za/products/magnetic-separation-equipment/disc-magnetic-separator-for-tailing/; x-default=https://www.cowinmagnet.com/","valid","index,follow"
"https://cowinmagnet.co.za/en-za/products/magnetic-separation-equipment/drum-magnet/","Drum Magnet | Cowinmagnet South Africa","Drum Magnet for the relevant South African and African industrial application. Final configuration is confirmed against project conditions.","https://cowinmagnet.co.za/en-za/products/magnetic-separation-equipment/drum-magnet/","en-ZA=https://cowinmagnet.co.za/en-za/products/magnetic-separation-equipment/drum-magnet/; x-default=https://www.cowinmagnet.com/","valid","index,follow"
"https://cowinmagnet.co.za/en-za/products/magnetic-separation-equipment/dry-drum-magnetic-separator/","Dry Drum Magnetic Separator | Cowinmagnet South Africa","Dry Drum Magnetic Separator for the relevant South African and African industrial application. Final configuration is confirmed against project conditions.","https://cowinmagnet.co.za/en-za/products/magnetic-separation-equipment/dry-drum-magnetic-separator/","en-ZA=https://cowinmagnet.co.za/en-za/products/magnetic-separation-equipment/dry-drum-magnetic-separator/; x-default=https://www.cowinmagnet.com/","valid","index,follow"
"https://cowinmagnet.co.za/en-za/products/magnetic-separation-equipment/gls-type-integral-channel-metal-separator/","GLS type integral channel metal separator | Cowinmagnet South Africa","GLS type integral channel metal separator for the relevant South African and African industrial application. Final configuration is confirmed against project conditions.","https://cowinmagnet.co.za/en-za/products/magnetic-separation-equipment/gls-type-integral-channel-metal-separator/","en-ZA=https://cowinmagnet.co.za/en-za/products/magnetic-separation-equipment/gls-type-integral-channel-metal-separator/; x-default=https://www.cowinmagnet.com/","valid","index,follow"
"https://cowinmagnet.co.za/en-za/products/magnetic-separation-equipment/gtc-wet-plate-magnetic-separator/","GTC wet plate magnetic separator | Cowinmagnet South Africa","GTC wet plate magnetic separator for the relevant South African and African industrial application. Final configuration is confirmed against project conditions.","https://cowinmagnet.co.za/en-za/products/magnetic-separation-equipment/gtc-wet-plate-magnetic-separator/","en-ZA=https://cowinmagnet.co.za/en-za/products/magnetic-separation-equipment/gtc-wet-plate-magnetic-separator/; x-default=https://www.cowinmagnet.com/","valid","index,follow"
"https://cowinmagnet.co.za/en-za/products/magnetic-separation-equipment/hcg-type-dry-pre-selection-machine/","HCG type dry pre selection machine | Cowinmagnet South Africa","HCG type dry pre selection machine for the relevant South African and African industrial application. Final configuration is confirmed against project conditions.","https://cowinmagnet.co.za/en-za/products/magnetic-separation-equipment/hcg-type-dry-pre-selection-machine/","en-ZA=https://cowinmagnet.co.za/en-za/products/magnetic-separation-equipment/hcg-type-dry-pre-selection-machine/; x-default=https://www.cowinmagnet.com/","valid","index,follow"
"https://cowinmagnet.co.za/en-za/products/magnetic-separation-equipment/high-frequency-screen/","High Frequency Screen | Cowinmagnet South Africa","High Frequency Screen for the relevant South African and African industrial application. Final configuration is confirmed against project conditions.","https://cowinmagnet.co.za/en-za/products/magnetic-separation-equipment/high-frequency-screen/","en-ZA=https://cowinmagnet.co.za/en-za/products/magnetic-separation-equipment/high-frequency-screen/; x-default=https://www.cowinmagnet.com/","valid","index,follow"
"https://cowinmagnet.co.za/en-za/products/magnetic-separation-equipment/hjlh-type-vertical-ring-high-gradient-magnetic-separation/","HJLH type vertical ring high gradient magnetic separation | Cowinmagn...","HJLH type vertical ring high gradient magnetic separation for the relevant South African and African industrial application. Final configuration is confirmed against project c...","https://cowinmagnet.co.za/en-za/products/magnetic-separation-equipment/hjlh-type-vertical-ring-high-gradient-magnetic-separation/","en-ZA=https://cowinmagnet.co.za/en-za/products/magnetic-separation-equipment/hjlh-type-vertical-ring-high-gradient-magnetic-separation/; x-default=https://www.cowinmagnet.com/","valid","index,follow"
"https://cowinmagnet.co.za/en-za/products/magnetic-separation-equipment/hjlh-wet-vertical-ring-high-gradient-magnetic-separator/","HJLH wet vertical ring high gradient magnetic separator | Cowinmagnet...","HJLH wet vertical ring high gradient magnetic separator for the relevant South African and African industrial application. Final configuration is confirmed against project con...","https://cowinmagnet.co.za/en-za/products/magnetic-separation-equipment/hjlh-wet-vertical-ring-high-gradient-magnetic-separator/","en-ZA=https://cowinmagnet.co.za/en-za/products/magnetic-separation-equipment/hjlh-wet-vertical-ring-high-gradient-magnetic-separator/; x-default=https://www.cowinmagnet.com/","valid","index,follow"
"https://cowinmagnet.co.za/en-za/products/magnetic-separation-equipment/hjpc-wet-disc-magnetic-separation/","HJPC wet disc magnetic separation | Cowinmagnet South Africa","HJPC wet disc magnetic separation for the relevant South African and African industrial application. Final configuration is confirmed against project conditions.","https://cowinmagnet.co.za/en-za/products/magnetic-separation-equipment/hjpc-wet-disc-magnetic-separation/","en-ZA=https://cowinmagnet.co.za/en-za/products/magnetic-separation-equipment/hjpc-wet-disc-magnetic-separation/; x-default=https://www.cowinmagnet.com/","valid","index,follow"
"https://cowinmagnet.co.za/en-za/products/magnetic-separation-equipment/hmdn-coal-washing-special-magnetic-separator/","HMDN coal washing special magnetic separator | Cowinmagnet South Africa","HMDN coal washing special magnetic separator for the relevant South African and African industrial application. Final configuration is confirmed against project conditions.","https://cowinmagnet.co.za/en-za/products/magnetic-separation-equipment/hmdn-coal-washing-special-magnetic-separator/","en-ZA=https://cowinmagnet.co.za/en-za/products/magnetic-separation-equipment/hmdn-coal-washing-special-magnetic-separator/; x-default=https://www.cowinmagnet.com/","valid","index,follow"
"https://cowinmagnet.co.za/en-za/products/magnetic-separation-equipment/","Magnetic Separation Equipment | Cowinmagnet South Africa","Drum, wet, dry, high-gradient and conveyor magnetic separation equipment for mineral processing and material recovery. Product category for African mining and industrial appli...","https://cowinmagnet.co.za/en-za/products/magnetic-separation-equipment/","en-ZA=https://cowinmagnet.co.za/en-za/products/magnetic-separation-equipment/; x-default=https://www.cowinmagnet.com/","valid","index,follow"
"https://cowinmagnet.co.za/en-za/products/magnetic-separation-equipment/ljk-type-magnetic-ore-special-iron-remover/","LJK type magnetic ore special iron remover | Cowinmagnet South Africa","LJK type magnetic ore special iron remover for the relevant South African and African industrial application. Final configuration is confirmed against project conditions.","https://cowinmagnet.co.za/en-za/products/magnetic-separation-equipment/ljk-type-magnetic-ore-special-iron-remover/","en-ZA=https://cowinmagnet.co.za/en-za/products/magnetic-separation-equipment/ljk-type-magnetic-ore-special-iron-remover/; x-default=https://www.cowinmagnet.com/","valid","index,follow"
"https://cowinmagnet.co.za/en-za/products/magnetic-separation-equipment/magnetic-head-pulley/","Magnetic Head Pulley | Cowinmagnet South Africa","Magnetic Head Pulley for the relevant South African and African industrial application. Final configuration is confirmed against project conditions.","https://cowinmagnet.co.za/en-za/products/magnetic-separation-equipment/magnetic-head-pulley/","en-ZA=https://cowinmagnet.co.za/en-za/products/magnetic-separation-equipment/magnetic-head-pulley/; x-default=https://www.cowinmagnet.com/","valid","index,follow"
"https://cowinmagnet.co.za/en-za/products/magnetic-separation-equipment/nct-type-concentrated-magnetic-separator/","NCT type concentrated magnetic separator | Cowinmagnet South Africa","NCT type concentrated magnetic separator for the relevant South African and African industrial application. Final configuration is confirmed against project conditions.","https://cowinmagnet.co.za/en-za/products/magnetic-separation-equipment/nct-type-concentrated-magnetic-separator/","en-ZA=https://cowinmagnet.co.za/en-za/products/magnetic-separation-equipment/nct-type-concentrated-magnetic-separator/; x-default=https://www.cowinmagnet.com/","valid","index,follow"
"https://cowinmagnet.co.za/en-za/products/magnetic-separation-equipment/qcg-wet-roller-magnetic-separator/","QCG wet roller magnetic separator | Cowinmagnet South Africa","QCG wet roller magnetic separator for the relevant South African and African industrial application. Final configuration is confirmed against project conditions.","https://cowinmagnet.co.za/en-za/products/magnetic-separation-equipment/qcg-wet-roller-magnetic-separator/","en-ZA=https://cowinmagnet.co.za/en-za/products/magnetic-separation-equipment/qcg-wet-roller-magnetic-separator/; x-default=https://www.cowinmagnet.com/","valid","index,follow"
"https://cowinmagnet.co.za/en-za/products/magnetic-separation-equipment/rct-type-fully-magnetic-drum/","RCT type fully magnetic drum | Cowinmagnet South Africa","RCT type fully magnetic drum for the relevant South African and African industrial application. Final configuration is confirmed against project conditions.","https://cowinmagnet.co.za/en-za/products/magnetic-separation-equipment/rct-type-fully-magnetic-drum/","en-ZA=https://cowinmagnet.co.za/en-za/products/magnetic-separation-equipment/rct-type-fully-magnetic-drum/; x-default=https://www.cowinmagnet.com/","valid","index,follow"
"https://cowinmagnet.co.za/en-za/products/magnetic-separation-equipment/round-electromagnetic-lifting-magnet/","Round Electromagnetic Lifting Magnet | Cowinmagnet South Africa","Round Electromagnetic Lifting Magnet for the relevant South African and African industrial application. Final configuration is confirmed against project conditions.","https://cowinmagnet.co.za/en-za/products/magnetic-separation-equipment/round-electromagnetic-lifting-magnet/","en-ZA=https://cowinmagnet.co.za/en-za/products/magnetic-separation-equipment/round-electromagnetic-lifting-magnet/; x-default=https://www.cowinmagnet.com/","valid","index,follow"
"https://cowinmagnet.co.za/en-za/products/magnetic-separation-equipment/wbc-semi-magnetic-tailings-recovery-machine/","WBC semi magnetic tailings recovery machine | Cowinmagnet South Africa","WBC semi magnetic tailings recovery machine for the relevant South African and African industrial application. Final configuration is confirmed against project conditions.","https://cowinmagnet.co.za/en-za/products/magnetic-separation-equipment/wbc-semi-magnetic-tailings-recovery-machine/","en-ZA=https://cowinmagnet.co.za/en-za/products/magnetic-separation-equipment/wbc-semi-magnetic-tailings-recovery-machine/; x-default=https://www.cowinmagnet.com/","valid","index,follow"
"https://cowinmagnet.co.za/en-za/products/magnetic-separation-equipment/wet-drum-magnetic-separator/","Wet Drum Magnetic Separator | Cowinmagnet South Africa","Wet Drum Magnetic Separator for the relevant South African and African industrial application. Final configuration is confirmed against project conditions.","https://cowinmagnet.co.za/en-za/products/magnetic-separation-equipment/wet-drum-magnetic-separator/","en-ZA=https://cowinmagnet.co.za/en-za/products/magnetic-separation-equipment/wet-drum-magnetic-separator/; x-default=https://www.cowinmagnet.com/","valid","index,follow"
"https://cowinmagnet.co.za/en-za/products/metal-detection-and-recycling-sorting/dls-type-window-metal-detector/","DLS type window metal detector | Cowinmagnet South Africa","DLS type window metal detector for the relevant South African and African industrial application. Final configuration is confirmed against project conditions.","https://cowinmagnet.co.za/en-za/products/metal-detection-and-recycling-sorting/dls-type-window-metal-detector/","en-ZA=https://cowinmagnet.co.za/en-za/products/metal-detection-and-recycling-sorting/dls-type-window-metal-detector/; x-default=https://www.cowinmagnet.com/","valid","index,follow"
"https://cowinmagnet.co.za/en-za/products/metal-detection-and-recycling-sorting/eccentric-eddy-current-separator/","Eccentric Eddy Current Separator | Cowinmagnet South Africa","Eccentric Eddy Current Separator for the relevant South African and African industrial application. Final configuration is confirmed against project conditions.","https://cowinmagnet.co.za/en-za/products/metal-detection-and-recycling-sorting/eccentric-eddy-current-separator/","en-ZA=https://cowinmagnet.co.za/en-za/products/metal-detection-and-recycling-sorting/eccentric-eddy-current-separator/; x-default=https://www.cowinmagnet.com/","valid","index,follow"
"https://cowinmagnet.co.za/en-za/products/metal-detection-and-recycling-sorting/gjt-type-window-metal-detector/","GJT type window metal detector | Cowinmagnet South Africa","GJT type window metal detector for the relevant South African and African industrial application. Final configuration is confirmed against project conditions.","https://cowinmagnet.co.za/en-za/products/metal-detection-and-recycling-sorting/gjt-type-window-metal-detector/","en-ZA=https://cowinmagnet.co.za/en-za/products/metal-detection-and-recycling-sorting/gjt-type-window-metal-detector/; x-default=https://www.cowinmagnet.com/","valid","index,follow"
"https://cowinmagnet.co.za/en-za/products/metal-detection-and-recycling-sorting/hecp-eddy-current-metal-sorting-machine/","HECP eddy current metal sorting machine | Cowinmagnet South Africa","HECP eddy current metal sorting machine for the relevant South African and African industrial application. Final configuration is confirmed against project conditions.","https://cowinmagnet.co.za/en-za/products/metal-detection-and-recycling-sorting/hecp-eddy-current-metal-sorting-machine/","en-ZA=https://cowinmagnet.co.za/en-za/products/metal-detection-and-recycling-sorting/hecp-eddy-current-metal-sorting-machine/; x-default=https://www.cowinmagnet.com/","valid","index,follow"
"https://cowinmagnet.co.za/en-za/products/metal-detection-and-recycling-sorting/hecs-type-eddy-current-metal-sorting-machine/","HECS type eddy current metal sorting machine | Cowinmagnet South Africa","HECS type eddy current metal sorting machine for the relevant South African and African industrial application. Final configuration is confirmed against project conditions.","https://cowinmagnet.co.za/en-za/products/metal-detection-and-recycling-sorting/hecs-type-eddy-current-metal-sorting-machine/","en-ZA=https://cowinmagnet.co.za/en-za/products/metal-detection-and-recycling-sorting/hecs-type-eddy-current-metal-sorting-machine/; x-default=https://www.cowinmagnet.com/","valid","index,follow"
"https://cowinmagnet.co.za/en-za/products/metal-detection-and-recycling-sorting/","Metal Detection & Recovery Sorting | Cowinmagnet South Africa","Metal detection and eddy-current sorting equipment for ferrous and non-ferrous recovery. Product category for African mining and industrial applications.","https://cowinmagnet.co.za/en-za/products/metal-detection-and-recycling-sorting/","en-ZA=https://cowinmagnet.co.za/en-za/products/metal-detection-and-recycling-sorting/; x-default=https://www.cowinmagnet.com/","valid","index,follow"
"https://cowinmagnet.co.za/en-za/products/metal-detection-and-recycling-sorting/stainless-steel-separation-conveyor/","Stainless Steel Separation Conveyor | Cowinmagnet South Africa","Stainless Steel Separation Conveyor for the relevant South African and African industrial application. Final configuration is confirmed against project conditions.","https://cowinmagnet.co.za/en-za/products/metal-detection-and-recycling-sorting/stainless-steel-separation-conveyor/","en-ZA=https://cowinmagnet.co.za/en-za/products/metal-detection-and-recycling-sorting/stainless-steel-separation-conveyor/; x-default=https://www.cowinmagnet.com/","valid","index,follow"
"https://cowinmagnet.co.za/en-za/products/suspended-and-self-unloading-iron-removers/electromagnet-separator/","Electromagnet Separator | Cowinmagnet South Africa","Electromagnet Separator for the relevant South African and African industrial application. Final configuration is confirmed against project conditions.","https://cowinmagnet.co.za/en-za/products/suspended-and-self-unloading-iron-removers/electromagnet-separator/","en-ZA=https://cowinmagnet.co.za/en-za/products/suspended-and-self-unloading-iron-removers/electromagnet-separator/; x-default=https://www.cowinmagnet.com/","valid","index,follow"
"https://cowinmagnet.co.za/en-za/products/suspended-and-self-unloading-iron-removers/","Suspended & Self-Cleaning Iron Removers | Cowinmagnet South Africa","Suspended permanent, electromagnetic and self-cleaning iron removers for conveyor tramp iron control and crusher protection. Product category for African mining and industrial...","https://cowinmagnet.co.za/en-za/products/suspended-and-self-unloading-iron-removers/","en-ZA=https://cowinmagnet.co.za/en-za/products/suspended-and-self-unloading-iron-removers/; x-default=https://www.cowinmagnet.com/","valid","index,follow"
"https://cowinmagnet.co.za/en-za/products/suspended-and-self-unloading-iron-removers/kgla-series-rectifier-control-box/","KGLA series rectifier control box | Cowinmagnet South Africa","KGLA series rectifier control box for the relevant South African and African industrial application. Final configuration is confirmed against project conditions.","https://cowinmagnet.co.za/en-za/products/suspended-and-self-unloading-iron-removers/kgla-series-rectifier-control-box/","en-ZA=https://cowinmagnet.co.za/en-za/products/suspended-and-self-unloading-iron-removers/kgla-series-rectifier-control-box/; x-default=https://www.cowinmagnet.com/","valid","index,follow"
"https://cowinmagnet.co.za/en-za/products/suspended-and-self-unloading-iron-removers/kxb-mining-explosion-proof-electromagnetic-iron-remover-control-box/","KXB mining explosion-proof electromagnetic iron remover control box |...","KXB mining explosion-proof electromagnetic iron remover control box for the relevant South African and African industrial application. Final configuration is confirmed against...","https://cowinmagnet.co.za/en-za/products/suspended-and-self-unloading-iron-removers/kxb-mining-explosion-proof-electromagnetic-iron-remover-control-box/","en-ZA=https://cowinmagnet.co.za/en-za/products/suspended-and-self-unloading-iron-removers/kxb-mining-explosion-proof-electromagnetic-iron-remover-control-box/; x-default=https://www.cowinmagnet.com/","valid","index,follow"
"https://cowinmagnet.co.za/en-za/products/suspended-and-self-unloading-iron-removers/permanent-overband-magnetic-separator/","Permanent Overband Magnetic Separator | Cowinmagnet South Africa","Permanent Overband Magnetic Separator for the relevant South African and African industrial application. Final configuration is confirmed against project conditions.","https://cowinmagnet.co.za/en-za/products/suspended-and-self-unloading-iron-removers/permanent-overband-magnetic-separator/","en-ZA=https://cowinmagnet.co.za/en-za/products/suspended-and-self-unloading-iron-removers/permanent-overband-magnetic-separator/; x-default=https://www.cowinmagnet.com/","valid","index,follow"
"https://cowinmagnet.co.za/en-za/products/suspended-and-self-unloading-iron-removers/qjz-mining-explosion-proof-permanent-magnet-iron-remover-control-box/","QJZ mining explosion-proof permanent magnet iron remover control box...","QJZ mining explosion-proof permanent magnet iron remover control box for the relevant South African and African industrial application. Final configuration is confirmed agains...","https://cowinmagnet.co.za/en-za/products/suspended-and-self-unloading-iron-removers/qjz-mining-explosion-proof-permanent-magnet-iron-remover-control-box/","en-ZA=https://cowinmagnet.co.za/en-za/products/suspended-and-self-unloading-iron-removers/qjz-mining-explosion-proof-permanent-magnet-iron-remover-control-box/; x-default=https://www.cowinmagnet.com/","valid","index,follow"
"https://cowinmagnet.co.za/en-za/products/suspended-and-self-unloading-iron-removers/rbcdb-explosion-proof-disc-type-electromagnetic-iron-remover/","RBCDB explosion-proof disc type electromagnetic iron remover | Cowinm...","RBCDB explosion-proof disc type electromagnetic iron remover for the relevant South African and African industrial application. Final configuration is confirmed against projec...","https://cowinmagnet.co.za/en-za/products/suspended-and-self-unloading-iron-removers/rbcdb-explosion-proof-disc-type-electromagnetic-iron-remover/","en-ZA=https://cowinmagnet.co.za/en-za/products/suspended-and-self-unloading-iron-removers/rbcdb-explosion-proof-disc-type-electromagnetic-iron-remover/; x-default=https://www.cowinmagnet.com/","valid","index,follow"
"https://cowinmagnet.co.za/en-za/products/suspended-and-self-unloading-iron-removers/rbcdd-explosion-proof-electromagnetic-self-dumping-iron-remover/","RBCDD explosion-proof electromagnetic self dumping iron remover | Cow...","RBCDD explosion-proof electromagnetic self dumping iron remover for the relevant South African and African industrial application. Final configuration is confirmed against pro...","https://cowinmagnet.co.za/en-za/products/suspended-and-self-unloading-iron-removers/rbcdd-explosion-proof-electromagnetic-self-dumping-iron-remover/","en-ZA=https://cowinmagnet.co.za/en-za/products/suspended-and-self-unloading-iron-removers/rbcdd-explosion-proof-electromagnetic-self-dumping-iron-remover/; x-default=https://www.cowinmagnet.com/","valid","index,follow"
"https://cowinmagnet.co.za/en-za/products/suspended-and-self-unloading-iron-removers/rbcyd-explosion-proof-permanent-magnet-self-dumping-iron-remover/","RBCYD explosion-proof permanent magnet self dumping iron remover | Co...","RBCYD explosion-proof permanent magnet self dumping iron remover for the relevant South African and African industrial application. Final configuration is confirmed against pr...","https://cowinmagnet.co.za/en-za/products/suspended-and-self-unloading-iron-removers/rbcyd-explosion-proof-permanent-magnet-self-dumping-iron-remover/","en-ZA=https://cowinmagnet.co.za/en-za/products/suspended-and-self-unloading-iron-removers/rbcyd-explosion-proof-permanent-magnet-self-dumping-iron-remover/; x-default=https://www.cowinmagnet.com/","valid","index,follow"
"https://cowinmagnet.co.za/en-za/products/suspended-and-self-unloading-iron-removers/rcda-type-air-cooled-electromagnetic-iron-remover/","RCDA type air-cooled electromagnetic iron remover | Cowinmagnet South...","RCDA type air-cooled electromagnetic iron remover for the relevant South African and African industrial application. Final configuration is confirmed against project conditions.","https://cowinmagnet.co.za/en-za/products/suspended-and-self-unloading-iron-removers/rcda-type-air-cooled-electromagnetic-iron-remover/","en-ZA=https://cowinmagnet.co.za/en-za/products/suspended-and-self-unloading-iron-removers/rcda-type-air-cooled-electromagnetic-iron-remover/; x-default=https://www.cowinmagnet.com/","valid","index,follow"
"https://cowinmagnet.co.za/en-za/products/suspended-and-self-unloading-iron-removers/rcdb-type-self-cooling-plate-electromagnetic-iron-remover/","RCDB type self cooling plate electromagnetic iron remover | Cowinmagn...","RCDB type self cooling plate electromagnetic iron remover for the relevant South African and African industrial application. Final configuration is confirmed against project c...","https://cowinmagnet.co.za/en-za/products/suspended-and-self-unloading-iron-removers/rcdb-type-self-cooling-plate-electromagnetic-iron-remover/","en-ZA=https://cowinmagnet.co.za/en-za/products/suspended-and-self-unloading-iron-removers/rcdb-type-self-cooling-plate-electromagnetic-iron-remover/; x-default=https://www.cowinmagnet.com/","valid","index,follow"
"https://cowinmagnet.co.za/en-za/products/suspended-and-self-unloading-iron-removers/rcdc-type-air-cooled-self-dumping-electromagnetic-iron-remover/","RCDC type air-cooled self dumping electromagnetic iron remover | Cowi...","RCDC type air-cooled self dumping electromagnetic iron remover for the relevant South African and African industrial application. Final configuration is confirmed against proj...","https://cowinmagnet.co.za/en-za/products/suspended-and-self-unloading-iron-removers/rcdc-type-air-cooled-self-dumping-electromagnetic-iron-remover/","en-ZA=https://cowinmagnet.co.za/en-za/products/suspended-and-self-unloading-iron-removers/rcdc-type-air-cooled-self-dumping-electromagnetic-iron-remover/; x-default=https://www.cowinmagnet.com/","valid","index,follow"
"https://cowinmagnet.co.za/en-za/products/suspended-and-self-unloading-iron-removers/rcdd-type-self-cooling-self-dumping-electromagnetic-iron-remover/","RCDD type self cooling self dumping electromagnetic iron remover | Co...","RCDD type self cooling self dumping electromagnetic iron remover for the relevant South African and African industrial application. Final configuration is confirmed against pr...","https://cowinmagnet.co.za/en-za/products/suspended-and-self-unloading-iron-removers/rcdd-type-self-cooling-self-dumping-electromagnetic-iron-remover/","en-ZA=https://cowinmagnet.co.za/en-za/products/suspended-and-self-unloading-iron-removers/rcdd-type-self-cooling-self-dumping-electromagnetic-iron-remover/; x-default=https://www.cowinmagnet.com/","valid","index,follow"
"https://cowinmagnet.co.za/en-za/products/suspended-and-self-unloading-iron-removers/rcde-type-oil-cooled-electromagnetic-iron-remover/","RCDE type oil cooled electromagnetic iron remover | Cowinmagnet South...","RCDE type oil cooled electromagnetic iron remover for the relevant South African and African industrial application. Final configuration is confirmed against project conditions.","https://cowinmagnet.co.za/en-za/products/suspended-and-self-unloading-iron-removers/rcde-type-oil-cooled-electromagnetic-iron-remover/","en-ZA=https://cowinmagnet.co.za/en-za/products/suspended-and-self-unloading-iron-removers/rcde-type-oil-cooled-electromagnetic-iron-remover/; x-default=https://www.cowinmagnet.com/","valid","index,follow"
"https://cowinmagnet.co.za/en-za/products/suspended-and-self-unloading-iron-removers/rcdf-oil-cooled-self-dumping-electromagnetic-iron-remover/","RCDF oil cooled self dumping electromagnetic iron remover | Cowinmagn...","RCDF oil cooled self dumping electromagnetic iron remover for the relevant South African and African industrial application. Final configuration is confirmed against project c...","https://cowinmagnet.co.za/en-za/products/suspended-and-self-unloading-iron-removers/rcdf-oil-cooled-self-dumping-electromagnetic-iron-remover/","en-ZA=https://cowinmagnet.co.za/en-za/products/suspended-and-self-unloading-iron-removers/rcdf-oil-cooled-self-dumping-electromagnetic-iron-remover/; x-default=https://www.cowinmagnet.com/","valid","index,follow"
"https://cowinmagnet.co.za/en-za/products/suspended-and-self-unloading-iron-removers/rcdfj-type-forced-oil-circulation-self-dumping-electromagnetic-iron-remover/","RCDFJ type forced oil circulation self dumping electromagnetic iron r...","RCDFJ type forced oil circulation self dumping electromagnetic iron remover for the relevant South African and African industrial application. Final configuration is confirmed...","https://cowinmagnet.co.za/en-za/products/suspended-and-self-unloading-iron-removers/rcdfj-type-forced-oil-circulation-self-dumping-electromagnetic-iron-remover/","en-ZA=https://cowinmagnet.co.za/en-za/products/suspended-and-self-unloading-iron-removers/rcdfj-type-forced-oil-circulation-self-dumping-electromagnetic-iron-remover/; x-default=https://www.cowinmagnet.com/","valid","index,follow"
"https://cowinmagnet.co.za/en-za/products/suspended-and-self-unloading-iron-removers/rcps-self-dumping-disc-type-permanent-magnet-iron-remover/","RCPS self dumping disc type permanent magnet iron remover | Cowinmagn...","RCPS self dumping disc type permanent magnet iron remover for the relevant South African and African industrial application. Final configuration is confirmed against project c...","https://cowinmagnet.co.za/en-za/products/suspended-and-self-unloading-iron-removers/rcps-self-dumping-disc-type-permanent-magnet-iron-remover/","en-ZA=https://cowinmagnet.co.za/en-za/products/suspended-and-self-unloading-iron-removers/rcps-self-dumping-disc-type-permanent-magnet-iron-remover/; x-default=https://www.cowinmagnet.com/","valid","index,follow"
"https://cowinmagnet.co.za/en-za/products/suspended-and-self-unloading-iron-removers/rcya-type-inclined-pipeline-permanent-magnet-iron-remover/","RCYA type inclined pipeline permanent magnet iron remover | Cowinmagn...","RCYA type inclined pipeline permanent magnet iron remover for the relevant South African and African industrial application. Final configuration is confirmed against project c...","https://cowinmagnet.co.za/en-za/products/suspended-and-self-unloading-iron-removers/rcya-type-inclined-pipeline-permanent-magnet-iron-remover/","en-ZA=https://cowinmagnet.co.za/en-za/products/suspended-and-self-unloading-iron-removers/rcya-type-inclined-pipeline-permanent-magnet-iron-remover/; x-default=https://www.cowinmagnet.com/","valid","index,follow"
"https://cowinmagnet.co.za/en-za/products/suspended-and-self-unloading-iron-removers/rcyb-type-permanent-magnet-manual-iron-remover/","RCYB type permanent magnet manual iron remover | Cowinmagnet South Af...","RCYB type permanent magnet manual iron remover for the relevant South African and African industrial application. Final configuration is confirmed against project conditions.","https://cowinmagnet.co.za/en-za/products/suspended-and-self-unloading-iron-removers/rcyb-type-permanent-magnet-manual-iron-remover/","en-ZA=https://cowinmagnet.co.za/en-za/products/suspended-and-self-unloading-iron-removers/rcyb-type-permanent-magnet-manual-iron-remover/; x-default=https://www.cowinmagnet.com/","valid","index,follow"
"https://cowinmagnet.co.za/en-za/products/suspended-and-self-unloading-iron-removers/rcyd-type-permanent-magnet-self-dumping-iron-remover/","RCYD type permanent magnet self dumping iron remover | Cowinmagnet So...","RCYD type permanent magnet self dumping iron remover for the relevant South African and African industrial application. Final configuration is confirmed against project condit...","https://cowinmagnet.co.za/en-za/products/suspended-and-self-unloading-iron-removers/rcyd-type-permanent-magnet-self-dumping-iron-remover/","en-ZA=https://cowinmagnet.co.za/en-za/products/suspended-and-self-unloading-iron-removers/rcyd-type-permanent-magnet-self-dumping-iron-remover/; x-default=https://www.cowinmagnet.com/","valid","index,follow"
"https://cowinmagnet.co.za/en-za/products/suspended-and-self-unloading-iron-removers/rcydii-type-permanent-magnet-self-dumping-iron-remover/","RCYDII type permanent magnet self dumping iron remover | Cowinmagnet...","RCYDII type permanent magnet self dumping iron remover for the relevant South African and African industrial application. Final configuration is confirmed against project cond...","https://cowinmagnet.co.za/en-za/products/suspended-and-self-unloading-iron-removers/rcydii-type-permanent-magnet-self-dumping-iron-remover/","en-ZA=https://cowinmagnet.co.za/en-za/products/suspended-and-self-unloading-iron-removers/rcydii-type-permanent-magnet-self-dumping-iron-remover/; x-default=https://www.cowinmagnet.com/","valid","index,follow"
"https://cowinmagnet.co.za/en-za/products/suspended-and-self-unloading-iron-removers/rcye-type-permanent-magnet-self-dumping-iron-remover/","RCYE type permanent magnet self dumping iron remover | Cowinmagnet So...","RCYE type permanent magnet self dumping iron remover for the relevant South African and African industrial application. Final configuration is confirmed against project condit...","https://cowinmagnet.co.za/en-za/products/suspended-and-self-unloading-iron-removers/rcye-type-permanent-magnet-self-dumping-iron-remover/","en-ZA=https://cowinmagnet.co.za/en-za/products/suspended-and-self-unloading-iron-removers/rcye-type-permanent-magnet-self-dumping-iron-remover/; x-default=https://www.cowinmagnet.com/","valid","index,follow"
"https://cowinmagnet.co.za/en-za/products/suspended-and-self-unloading-iron-removers/rcyf-type-vertical-pipeline-permanent-magnet-iron-remover/","RCYF type vertical pipeline permanent magnet iron remover | Cowinmagn...","RCYF type vertical pipeline permanent magnet iron remover for the relevant South African and African industrial application. Final configuration is confirmed against project c...","https://cowinmagnet.co.za/en-za/products/suspended-and-self-unloading-iron-removers/rcyf-type-vertical-pipeline-permanent-magnet-iron-remover/","en-ZA=https://cowinmagnet.co.za/en-za/products/suspended-and-self-unloading-iron-removers/rcyf-type-vertical-pipeline-permanent-magnet-iron-remover/; x-default=https://www.cowinmagnet.com/","valid","index,follow"
"https://cowinmagnet.co.za/en-za/products/suspended-and-self-unloading-iron-removers/rcyg-type-pipeline-self-dumping-permanent-magnet-iron-remover/","RCYG type pipeline self dumping permanent magnet iron remover | Cowin...","RCYG type pipeline self dumping permanent magnet iron remover for the relevant South African and African industrial application. Final configuration is confirmed against proje...","https://cowinmagnet.co.za/en-za/products/suspended-and-self-unloading-iron-removers/rcyg-type-pipeline-self-dumping-permanent-magnet-iron-remover/","en-ZA=https://cowinmagnet.co.za/en-za/products/suspended-and-self-unloading-iron-removers/rcyg-type-pipeline-self-dumping-permanent-magnet-iron-remover/; x-default=https://www.cowinmagnet.com/","valid","index,follow"
"https://cowinmagnet.co.za/en-za/products/suspended-and-self-unloading-iron-removers/rcyp-type-permanent-magnet-manual-self-dumping-iron-remover/","RCYP type permanent magnet manual self dumping iron remover | Cowinma...","RCYP type permanent magnet manual self dumping iron remover for the relevant South African and African industrial application. Final configuration is confirmed against project...","https://cowinmagnet.co.za/en-za/products/suspended-and-self-unloading-iron-removers/rcyp-type-permanent-magnet-manual-self-dumping-iron-remover/","en-ZA=https://cowinmagnet.co.za/en-za/products/suspended-and-self-unloading-iron-removers/rcyp-type-permanent-magnet-manual-self-dumping-iron-remover/; x-default=https://www.cowinmagnet.com/","valid","index,follow"
"https://cowinmagnet.co.za/en-za/products/suspended-and-self-unloading-iron-removers/rcyz-type-vertical-pipeline-permanent-magnet-iron-remover/","RCYZ type vertical pipeline permanent magnet iron remover | Cowinmagn...","RCYZ type vertical pipeline permanent magnet iron remover for the relevant South African and African industrial application. Final configuration is confirmed against project c...","https://cowinmagnet.co.za/en-za/products/suspended-and-self-unloading-iron-removers/rcyz-type-vertical-pipeline-permanent-magnet-iron-remover/","en-ZA=https://cowinmagnet.co.za/en-za/products/suspended-and-self-unloading-iron-removers/rcyz-type-vertical-pipeline-permanent-magnet-iron-remover/; x-default=https://www.cowinmagnet.com/","valid","index,follow"
"https://cowinmagnet.co.za/en-za/products/suspended-and-self-unloading-iron-removers/suspended-electromagnetic-conveyor-belt-separator/","Suspended Electromagnetic Conveyor Belt Separator | Cowinmagnet South...","Suspended Electromagnetic Conveyor Belt Separator for the relevant South African and African industrial application. Final configuration is confirmed against project conditions.","https://cowinmagnet.co.za/en-za/products/suspended-and-self-unloading-iron-removers/suspended-electromagnetic-conveyor-belt-separator/","en-ZA=https://cowinmagnet.co.za/en-za/products/suspended-and-self-unloading-iron-removers/suspended-electromagnetic-conveyor-belt-separator/; x-default=https://www.cowinmagnet.com/","valid","index,follow"
"https://cowinmagnet.co.za/en-za/products/suspended-and-self-unloading-iron-removers/suspended-permanent-magnetic-separator/","Suspended Permanent Magnetic Separator | Cowinmagnet South Africa","Suspended Permanent Magnetic Separator for the relevant South African and African industrial application. Final configuration is confirmed against project conditions.","https://cowinmagnet.co.za/en-za/products/suspended-and-self-unloading-iron-removers/suspended-permanent-magnetic-separator/","en-ZA=https://cowinmagnet.co.za/en-za/products/suspended-and-self-unloading-iron-removers/suspended-permanent-magnetic-separator/; x-default=https://www.cowinmagnet.com/","valid","index,follow"
"https://cowinmagnet.co.za/en-za/request-a-quote/","Request a Quote | Cowinmagnet South Africa","Submit magnetic separator project details including country, product, industry, material, conveyor data and operating conditions.","https://cowinmagnet.co.za/en-za/request-a-quote/","en-ZA=https://cowinmagnet.co.za/en-za/request-a-quote/; x-default=https://www.cowinmagnet.com/","valid","index,follow"
"https://cowinmagnet.co.za/en-za/search/","Search | Cowinmagnet South Africa","Search products, industries, solutions, markets, news and downloads.","https://cowinmagnet.co.za/en-za/search/","en-ZA=https://cowinmagnet.co.za/en-za/search/; x-default=https://www.cowinmagnet.com/","valid","index,follow"
"https://cowinmagnet.co.za/en-za/solutions/coastal-corrosive-environments/","Coastal and Corrosive Environments | Cowinmagnet South Africa","Coastal and Corrosive Environments magnetic separator solution for African mining and industrial projects.","https://cowinmagnet.co.za/en-za/solutions/coastal-corrosive-environments/","en-ZA=https://cowinmagnet.co.za/en-za/solutions/coastal-corrosive-environments/; x-default=https://www.cowinmagnet.com/","valid","index,follow"
"https://cowinmagnet.co.za/en-za/solutions/conveyor-belt-protection/","Conveyor Belt Protection | Cowinmagnet South Africa","Conveyor Belt Protection magnetic separator solution for African mining and industrial projects.","https://cowinmagnet.co.za/en-za/solutions/conveyor-belt-protection/","en-ZA=https://cowinmagnet.co.za/en-za/solutions/conveyor-belt-protection/; x-default=https://www.cowinmagnet.com/","valid","index,follow"
"https://cowinmagnet.co.za/en-za/solutions/conveyor-protection/","Conveyor Protection | Cowinmagnet South Africa","Conveyor Protection magnetic separator solution for African mining and industrial projects.","https://cowinmagnet.co.za/en-za/solutions/conveyor-protection/","en-ZA=https://cowinmagnet.co.za/en-za/solutions/conveyor-protection/; x-default=https://www.cowinmagnet.com/","valid","index,follow"
"https://cowinmagnet.co.za/en-za/solutions/crusher-protection/","Crusher Protection | Cowinmagnet South Africa","Crusher Protection magnetic separator solution for African mining and industrial projects.","https://cowinmagnet.co.za/en-za/solutions/crusher-protection/","en-ZA=https://cowinmagnet.co.za/en-za/solutions/crusher-protection/; x-default=https://www.cowinmagnet.com/","valid","index,follow"
"https://cowinmagnet.co.za/en-za/solutions/ferrous-metal-recovery/","Ferrous Metal Recovery | Cowinmagnet South Africa","Ferrous Metal Recovery magnetic separator solution for African mining and industrial projects.","https://cowinmagnet.co.za/en-za/solutions/ferrous-metal-recovery/","en-ZA=https://cowinmagnet.co.za/en-za/solutions/ferrous-metal-recovery/; x-default=https://www.cowinmagnet.com/","valid","index,follow"
"https://cowinmagnet.co.za/en-za/solutions/heavy-duty-mining-applications/","Heavy-Duty Mining Applications | Cowinmagnet South Africa","Heavy-Duty Mining Applications magnetic separator solution for African mining and industrial projects.","https://cowinmagnet.co.za/en-za/solutions/heavy-duty-mining-applications/","en-ZA=https://cowinmagnet.co.za/en-za/solutions/heavy-duty-mining-applications/; x-default=https://www.cowinmagnet.com/","valid","index,follow"
"https://cowinmagnet.co.za/en-za/solutions/high-temperature-applications/","High-Temperature Applications | Cowinmagnet South Africa","High-Temperature Applications magnetic separator solution for African mining and industrial projects.","https://cowinmagnet.co.za/en-za/solutions/high-temperature-applications/","en-ZA=https://cowinmagnet.co.za/en-za/solutions/high-temperature-applications/; x-default=https://www.cowinmagnet.com/","valid","index,follow"
"https://cowinmagnet.co.za/en-za/solutions/","Magnetic Separation Solutions | Cowinmagnet South Africa","Problem-led magnetic separation solutions for tramp iron removal, crusher protection, conveyor belt protection and African operating conditions.","https://cowinmagnet.co.za/en-za/solutions/","en-ZA=https://cowinmagnet.co.za/en-za/solutions/; x-default=https://www.cowinmagnet.com/","valid","index,follow"
"https://cowinmagnet.co.za/en-za/solutions/non-ferrous-metal-recovery/","Non-Ferrous Metal Recovery | Cowinmagnet South Africa","Non-Ferrous Metal Recovery magnetic separator solution for African mining and industrial projects.","https://cowinmagnet.co.za/en-za/solutions/non-ferrous-metal-recovery/","en-ZA=https://cowinmagnet.co.za/en-za/solutions/non-ferrous-metal-recovery/; x-default=https://www.cowinmagnet.com/","valid","index,follow"
"https://cowinmagnet.co.za/en-za/solutions/outdoor-dusty-environments/","Outdoor and Dusty Environments | Cowinmagnet South Africa","Outdoor and Dusty Environments magnetic separator solution for African mining and industrial projects.","https://cowinmagnet.co.za/en-za/solutions/outdoor-dusty-environments/","en-ZA=https://cowinmagnet.co.za/en-za/solutions/outdoor-dusty-environments/; x-default=https://www.cowinmagnet.com/","valid","index,follow"
"https://cowinmagnet.co.za/en-za/solutions/remote-mining-sites/","Remote Mining Sites | Cowinmagnet South Africa","Remote Mining Sites magnetic separator solution for African mining and industrial projects.","https://cowinmagnet.co.za/en-za/solutions/remote-mining-sites/","en-ZA=https://cowinmagnet.co.za/en-za/solutions/remote-mining-sites/; x-default=https://www.cowinmagnet.com/","valid","index,follow"
"https://cowinmagnet.co.za/en-za/solutions/self-cleaning-magnetic-separation/","Self-Cleaning Magnetic Separation | Cowinmagnet South Africa","Self-Cleaning Magnetic Separation magnetic separator solution for African mining and industrial projects.","https://cowinmagnet.co.za/en-za/solutions/self-cleaning-magnetic-separation/","en-ZA=https://cowinmagnet.co.za/en-za/solutions/self-cleaning-magnetic-separation/; x-default=https://www.cowinmagnet.com/","valid","index,follow"
"https://cowinmagnet.co.za/en-za/solutions/tramp-iron-removal/","Tramp Iron Removal | Cowinmagnet South Africa","Tramp Iron Removal magnetic separator solution for African mining and industrial projects.","https://cowinmagnet.co.za/en-za/solutions/tramp-iron-removal/","en-ZA=https://cowinmagnet.co.za/en-za/solutions/tramp-iron-removal/; x-default=https://www.cowinmagnet.com/","valid","index,follow"
"https://cowinmagnet.co.za/en-za/technical-support/after-sales-process/","After-Sales Process | Cowinmagnet Technical Support","Guidance topic for magnetic separator project review. for magnetic separator project review in South Africa and Africa.","https://cowinmagnet.co.za/en-za/technical-support/after-sales-process/","en-ZA=https://cowinmagnet.co.za/en-za/technical-support/after-sales-process/; x-default=https://www.cowinmagnet.com/","valid","index,follow"
"https://cowinmagnet.co.za/en-za/technical-support/coastal-corrosion-protection/","Coastal Corrosion Protection | Cowinmagnet Technical Support","Guidance topic for magnetic separator project review. for magnetic separator project review in South Africa and Africa.","https://cowinmagnet.co.za/en-za/technical-support/coastal-corrosion-protection/","en-ZA=https://cowinmagnet.co.za/en-za/technical-support/coastal-corrosion-protection/; x-default=https://www.cowinmagnet.com/","valid","index,follow"
"https://cowinmagnet.co.za/en-za/technical-support/dust-protection/","Dust Protection | Cowinmagnet Technical Support","Guidance topic for magnetic separator project review. for magnetic separator project review in South Africa and Africa.","https://cowinmagnet.co.za/en-za/technical-support/dust-protection/","en-ZA=https://cowinmagnet.co.za/en-za/technical-support/dust-protection/; x-default=https://www.cowinmagnet.com/","valid","index,follow"
"https://cowinmagnet.co.za/en-za/technical-support/electrical-specification-guide/","Electrical Specification Guide | Cowinmagnet Technical Support","Guidance topic for magnetic separator project review. for magnetic separator project review in South Africa and Africa.","https://cowinmagnet.co.za/en-za/technical-support/electrical-specification-guide/","en-ZA=https://cowinmagnet.co.za/en-za/technical-support/electrical-specification-guide/; x-default=https://www.cowinmagnet.com/","valid","index,follow"
"https://cowinmagnet.co.za/en-za/technical-support/high-temperature-configuration/","High-Temperature Configuration | Cowinmagnet Technical Support","Guidance topic for magnetic separator project review. for magnetic separator project review in South Africa and Africa.","https://cowinmagnet.co.za/en-za/technical-support/high-temperature-configuration/","en-ZA=https://cowinmagnet.co.za/en-za/technical-support/high-temperature-configuration/; x-default=https://www.cowinmagnet.com/","valid","index,follow"
"https://cowinmagnet.co.za/en-za/technical-support/","Technical Support | Cowinmagnet South Africa","Selection, installation, maintenance, electrical and environmental guidance for magnetic separation equipment.","https://cowinmagnet.co.za/en-za/technical-support/","en-ZA=https://cowinmagnet.co.za/en-za/technical-support/; x-default=https://www.cowinmagnet.com/","valid","index,follow"
"https://cowinmagnet.co.za/en-za/technical-support/installation-guide/","Installation Guide | Cowinmagnet Technical Support","Guidance topic for magnetic separator project review. for magnetic separator project review in South Africa and Africa.","https://cowinmagnet.co.za/en-za/technical-support/installation-guide/","en-ZA=https://cowinmagnet.co.za/en-za/technical-support/installation-guide/; x-default=https://www.cowinmagnet.com/","valid","index,follow"
"https://cowinmagnet.co.za/en-za/technical-support/maintenance-guide/","Maintenance Guide | Cowinmagnet Technical Support","Guidance topic for magnetic separator project review. for magnetic separator project review in South Africa and Africa.","https://cowinmagnet.co.za/en-za/technical-support/maintenance-guide/","en-ZA=https://cowinmagnet.co.za/en-za/technical-support/maintenance-guide/; x-default=https://www.cowinmagnet.com/","valid","index,follow"
"https://cowinmagnet.co.za/en-za/technical-support/outdoor-installation/","Outdoor Installation | Cowinmagnet Technical Support","Guidance topic for magnetic separator project review. for magnetic separator project review in South Africa and Africa.","https://cowinmagnet.co.za/en-za/technical-support/outdoor-installation/","en-ZA=https://cowinmagnet.co.za/en-za/technical-support/outdoor-installation/; x-default=https://www.cowinmagnet.com/","valid","index,follow"
"https://cowinmagnet.co.za/en-za/technical-support/product-selection-guide/","Product Selection Guide | Cowinmagnet Technical Support","Guidance topic for magnetic separator project review. for magnetic separator project review in South Africa and Africa.","https://cowinmagnet.co.za/en-za/technical-support/product-selection-guide/","en-ZA=https://cowinmagnet.co.za/en-za/technical-support/product-selection-guide/; x-default=https://www.cowinmagnet.com/","valid","index,follow"
"https://cowinmagnet.co.za/en-za/technical-support/spare-parts-support/","Spare Parts Support | Cowinmagnet Technical Support","Guidance topic for magnetic separator project review. for magnetic separator project review in South Africa and Africa.","https://cowinmagnet.co.za/en-za/technical-support/spare-parts-support/","en-ZA=https://cowinmagnet.co.za/en-za/technical-support/spare-parts-support/; x-default=https://www.cowinmagnet.com/","valid","index,follow"
"https://cowinmagnet.co.za/en-za/terms-and-conditions/","Terms And Conditions | Cowinmagnet","terms-and-conditions for Cowinmagnet South Africa and Africa local prototype.","https://cowinmagnet.co.za/en-za/terms-and-conditions/","en-ZA=https://cowinmagnet.co.za/en-za/terms-and-conditions/; x-default=https://www.cowinmagnet.com/","valid","index,follow"
